id,status,question,best_ret,reason,required_terms,forbidden_terms,min_pic_count,language
1,locked,"""请问你们家的商品支持7天无理由退换货吗？"",
""需要自己承担运费吗？""",您好，可以申请退款/退货，但需要先看订单是否已发货、商品是否影响二次销售以及是否符合售后规则。如果还未发货，通常可优先申请取消订单；如果已签收，请保留商品、配件、包装和购买凭证。7天无理由通常要求商品不影响二次销售、配件和包装齐全；非质量原因退换货一般由买家承担寄回运费，如果是质量问题、错发漏发或运输破损，则按售后规则由商家承担相应处理成本。退款一般会按原支付渠道退回。,local_systematic_v66,,,0,zh
2,locked,"""我想咨询一下，你们的售后维修服务范围是什么？"",
""如果是人为损坏的，能维修吗？维修费用怎么算？""",您好，售后维修通常覆盖商品本身质量问题、正常使用中出现的故障检测、维修或配件更换。如果是人为损坏、进水、摔碰、私自拆修或超过保修范围，一般也可以申请检测维修，但可能需要收费。费用会根据检测结果、配件和人工成本确认，维修前应先告知报价并征得您确认。请提供订单号、故障照片或视频和购买凭证。,local_systematic_v66,,,0,zh
3,locked,"""请问你们的商品能开发票吗？发票类型是什么？"",
""多久能收到呢？""",您好，商品一般可以申请开具电子发票，常见类型为个人或企业抬头的普通发票；是否支持专票以订单开票规则为准。请提供订单号、发票抬头、税号以及接收邮箱或收票信息；公司抬头请确认公司名称和税号填写准确。提交后通常会在1-3个工作日内开具或发送。若抬头写错，请尽快联系客服，核实原发票状态后可协助作废重开或重新开具。,local_systematic_v66,,,0,zh
4,locked,"""我收到商品后，发现包装破损了，怎么办？"",
""影响商品退换货吗？""",您好，即使已经签收，发现外包装破损或商品损坏也可以联系售后核实处理。请尽量保留外包装、快递面单、破损位置照片/视频和开箱记录；客服会结合物流签收情况和商品状态判断责任，如果确认属于运输或发货问题，会协助您申请退换货、补发、维修或赔付。,local_systematic_v66,,,0,zh
6,locked,"""我想了解一下你们的退款政策，退款多久能到账？"",
""信用卡会原路返回吗？""",您好，可以申请退款/退货，但需要先看订单是否已发货、商品是否影响二次销售以及是否符合售后规则。如果还未发货，通常可优先申请取消订单；如果已签收，请保留商品、配件、包装和购买凭证。7天无理由通常要求商品不影响二次销售、配件和包装齐全；非质量原因退换货一般由买家承担寄回运费，如果是质量问题、错发漏发或运输破损，则按售后规则由商家承担相应处理成本。退款一般会按原支付渠道退回。,local_systematic_v66,,,0,zh
7,locked,"""我收到的商品和图片不一样，颜色偏差很大，我要投诉！""",您好，非常抱歉让您收到与页面图片不一致的商品。请保留商品实拍图、外包装、订单号和商品页面截图；客服核实后，如果确认颜色或实物与页面展示存在明显偏差，可按售后规则协助您申请退货退款、换货或补偿。如果您要投诉，也可以一并说明问题经过，客服会升级记录并跟进处理结果。,local_systematic_v66,,,0,zh
8,locked,"""你们的商品存在虚假宣传，宣传的功能和实际不一样，我要投诉！""",您好，非常抱歉给您带来困扰。如果商品宣传功能与实际使用不一致，请先保留商品页面截图、实际问题照片或视频、订单号和沟通记录。客服核实后，如果确认存在描述不符或功能不符，会按售后规则协助您申请退货退款、换货或补偿，并会将投诉问题升级反馈。,local_systematic_v66,,,0,zh
9,locked,"""我收到的商品少了一件，联系客服说会补发，但是过了一周还没补发！""",您好，如果收到商品后发现少件、缺件或承诺补发后一直未发出，请先保留外包装、快递面单、装箱清单和开箱照片/视频。请把订单号、缺少的配件名称和凭证发给客服；核实少发后会安排补发，通常不需要您承担补寄运费。如果已经超过承诺时间仍未补发，可以要求客服升级催办并反馈新的补发时间。,local_systematic_v66,,,0,zh
10,locked,"""你们的售后维修服务太差了，我送修的商品，过了半个月还没修好！""",您好，售后维修通常覆盖商品本身质量问题、正常使用中出现的故障检测、维修或配件更换。如果是人为损坏、进水、摔碰、私自拆修或超过保修范围，一般也可以申请检测维修，但可能需要收费。费用会根据检测结果、配件和人工成本确认，维修前应先告知报价并征得您确认。请提供订单号、故障照片或视频和购买凭证。,local_systematic_v66,,,0,zh
11,locked,"""你们的商品保质期有问题，我收到的商品还有1个月就过期了！""",您好，如果收到的商品存在临期、过期或保质期明显不符合页面说明的情况，请先不要继续使用，并保留商品包装、生产日期/保质期标签、订单信息和照片。客服核实后会按售后规则处理，可根据实际情况协助退货退款、换货或补偿。,local_systematic_v66,,,0,zh
12,locked,"""你们的快递员态度特别差，送货时还辱骂我，我要投诉！""",您好，非常抱歉遇到这样的配送体验。请提供订单号、配送时间、快递公司、快递员信息或通话/聊天记录等凭证。客服会协助向物流方发起投诉并跟进处理结果；如果配送问题同时造成商品损坏、延误或丢失，也会结合订单情况继续处理售后或赔付。,local_systematic_v66,,,0,zh
13,locked,"""你们的商品存在质量问题，我使用了一次就坏了，联系客服没人管！""",您好，如果商品存在质量问题、与页面描述不一致，或您怀疑收到的不是全新/临期商品，请先保留商品、包装、页面宣传截图、问题照片或视频。客服核实后会按售后规则协助处理，常见方案包括退货退款、换货、维修或补偿；如果确认是商品或宣传问题，一般不会让您承担由此产生的处理成本。,local_systematic_v66,,,0,zh
14,locked,"""我收到的商品被拆封过，里面还有污渍，明显是二手商品，我要投诉！""",您好，如果商品存在质量问题、与页面描述不一致，或您怀疑收到的不是全新/临期商品，请先保留商品、包装、页面宣传截图、问题照片或视频。客服核实后会按售后规则协助处理，常见方案包括退货退款、换货、维修或补偿；如果确认是商品或宣传问题，一般不会让您承担由此产生的处理成本。,local_systematic_v66,,,0,zh
15,locked,"""你们的商品宣传是正品，但是我收到后验证是假货，我要投诉！""",您好，如果商品存在质量问题、与页面描述不一致，或您怀疑收到的不是全新/临期商品，请先保留商品、包装、页面宣传截图、问题照片或视频。客服核实后会按售后规则协助处理，常见方案包括退货退款、换货、维修或补偿；如果确认是商品或宣传问题，一般不会让您承担由此产生的处理成本。,local_systematic_v66,,,0,zh
16,locked,"""我收到商品后，发现商品有轻微划痕，不影响使用，能申请换货吗？""",您好，如需换货，请提供订单号、商品问题描述以及照片或视频凭证。客服会先核实商品状态、库存和售后条件；符合换货条件的，会告知寄回方式并安排更换。如果是质量问题导致换货，通常会按售后规则处理相应运费。,local_systematic_v66,,,0,zh
17,locked,"""我想换货，但是原来的商品包装盒丢了，还能换吗？"",
""需要我额外支付包装费吗？""",您好，包装盒丢失后是否还能换货，需要看商品是否影响二次销售和具体售后规则。如果是非质量原因换货，通常要求商品、配件、赠品和包装尽量完整；包装缺失可能影响换货审核，也可能需要按实际情况承担包装或折损相关费用。建议您提供订单号、商品现状照片和换货原因，客服核实后会告知是否可换以及是否会产生额外费用。,local_systematic_v66,,,0,zh
18,locked,"""我想退货，但是已经超过7天无理由退换货期限了，还能退吗？""",您好，可以申请退款/退货，但需要先看订单是否已发货、商品是否影响二次销售以及是否符合售后规则。如果还未发货，通常可优先申请取消订单；如果已签收，请保留商品、配件、包装和购买凭证。7天无理由通常要求商品不影响二次销售、配件和包装齐全；非质量原因退换货一般由买家承担寄回运费，如果是质量问题、错发漏发或运输破损，则按售后规则由商家承担相应处理成本。退款一般会按原支付渠道退回。,local_systematic_v66,,,0,zh
19,locked,"""请问你们的商品能提供纸质版说明书吗？"",
""电子版在哪里可以找到？""",您好，纸质说明书是否随商品提供需要以具体商品包装为准；电子版说明书通常可以通过商品详情页、品牌官网或客服渠道获取。您可以提供商品名称、型号或订单号，客服可以帮您确认是否有对应电子版说明书或补发方式。,local_systematic_v66,,,0,zh
20,locked,"""请问你们家的商品能寄到国外吗？"",
""运费怎么算？大概需要多久能到？""",您好，是否支持寄送到国外以及运费、时效，需要根据具体国家或地区、商品类型和物流渠道确认。建议您提供收货国家/地区、详细地址和商品信息，客服核实后可以确认是否可发、预计运费和大致配送时效。,local_systematic_v66,,,0,zh
21,locked,"""我购买的商品，想开发票抬头为公司，需要注意什么？"",
""抬头写错了，能重新开具吗？""",您好，商品一般可以申请开具电子发票，常见类型为个人或企业抬头的普通发票；是否支持专票以订单开票规则为准。请提供订单号、发票抬头、税号以及接收邮箱或收票信息；公司抬头请确认公司名称和税号填写准确。提交后通常会在1-3个工作日内开具或发送。若抬头写错，请尽快联系客服，核实原发票状态后可协助作废重开或重新开具。,local_systematic_v66,,,0,zh
22,locked,"""我收到商品后，发现商品有瑕疵，但是已经使用过了，能售后吗？"",
""换货还是只能维修？""",您好，如需换货，请提供订单号、商品问题描述以及照片或视频凭证。客服会先核实商品状态、库存和售后条件；符合换货条件的，会告知寄回方式并安排更换。如果是质量问题导致换货，通常会按售后规则处理相应运费。,local_systematic_v66,,,0,zh
23,locked,"""我想取消订单，但是订单已经付款了，能全额退款吗？""",您好，可以申请退款/退货，但需要先看订单是否已发货、商品是否影响二次销售以及是否符合售后规则。如果还未发货，通常可优先申请取消订单；如果已签收，请保留商品、配件、包装和购买凭证。7天无理由通常要求商品不影响二次销售、配件和包装齐全；非质量原因退换货一般由买家承担寄回运费，如果是质量问题、错发漏发或运输破损，则按售后规则由商家承担相应处理成本。退款一般会按原支付渠道退回。,local_systematic_v66,,,0,zh
24,locked,"""请问你们的商品有售后保障卡吗？"",
""卡丢了，还能享受售后服务吗？""",您好，售后保障卡或保修卡丢失后，一般仍可提供订单记录、购买凭证、商品序列号或包装标签来核实售后资格。建议您准备订单号和商品信息，客服核实后会告知是否仍可享受对应售后服务以及需要补充哪些材料。,local_systematic_v66,,,0,zh
25,locked,"""请问你们家支持以旧换新服务吗？""",您好，目前是否支持以旧换新需要看具体商品和活动规则。您可以提供商品型号、旧机情况和订单信息，客服会帮您确认是否有以旧换新、回收抵扣或其他优惠活动；如果当前不支持，也可以按正常购买和售后流程处理。,local_systematic_v66,,,0,zh
26,locked,"""请问你们的智能客服能解答哪些问题？"",
""智能客服解答不了的问题，怎么办？""",您好，智能客服可以优先解答商品使用方法、说明书步骤、常见故障、物流、发票、退换货和售后流程等问题。如果智能客服无法准确解答，您可以转人工客服；建议同时提供订单号、商品名称、问题截图或照片，以及您希望处理的诉求，这样人工客服能更快接上并继续处理。,local_systematic_v66,,,0,zh
33,locked,"""家支持7天无理由退货吗？"",
""需要满足什么条件？""",您好，可以申请退款/退货，但需要先看订单是否已发货、商品是否影响二次销售以及是否符合售后规则。如果还未发货，通常可优先申请取消订单；如果已签收，请保留商品、配件、包装和购买凭证。7天无理由通常要求商品不影响二次销售、配件和包装齐全；非质量原因退换货一般由买家承担寄回运费，如果是质量问题、错发漏发或运输破损，则按售后规则由商家承担相应处理成本。退款一般会按原支付渠道退回。,local_systematic_v66,,,0,zh
34,locked,"""我购买的商品，收到后发现少发了一件，怎么办？"",
""什么时候能补寄？需要我承担运费吗？""",您好，如果收到商品后发现少件、缺件或承诺补发后一直未发出，请先保留外包装、快递面单、装箱清单和开箱照片/视频。请把订单号、缺少的配件名称和凭证发给客服；核实少发后会安排补发，通常不需要您承担补寄运费。如果已经超过承诺时间仍未补发，可以要求客服升级催办并反馈新的补发时间。,local_systematic_v66,,,0,zh
35,locked,"""想换成其他款式，能换货吗？""",您好，如需换货，请提供订单号、商品问题描述以及照片或视频凭证。客服会先核实商品状态、库存和售后条件；符合换货条件的，会告知寄回方式并安排更换。如果是质量问题导致换货，通常会按售后规则处理相应运费。,local_systematic_v66,,,0,zh
36,locked,"""请问商品的生产日期是什么时候？""","您好，当前说明书内容没有给出具体生产日期。生产日期通常需要以商品包装、机身铭牌/标签、合格证或生产批号为准。您可以提供商品型号、包装标签或铭牌照片，我可以继续帮您定位应查看的位置。
建议补充更具体的信息后再确认。",local_systematic_v66,,,0,zh
37,locked,"""请问你们的商品能提供上门安装服务吗？""",您好，是否提供上门安装以及是否免费，需要以商品页面、订单服务说明或安装服务规则为准。如果页面承诺免费安装，通常基础安装不应额外收费；但特殊配件、加长材料或非标准安装可能会产生费用，安装前应先告知并确认。如果安装人员额外收费或安装导致商品损坏，请保留收费凭证、现场照片/视频和订单号，客服核实后会协助处理退款、维修或赔付。,local_systematic_v66,,,0,zh
38,locked,"""请问你们的商品能提供试用装吗？""",您好，是否提供试用装需要看具体商品和活动规则；部分商品可能有小样、试用装或试用活动，部分商品则不支持。您可以提供想购买的商品名称或链接，客服可以帮您确认是否有试用装、领取条件以及是否需要单独下单。,local_systematic_v66,,,0,zh
39,locked,"""我购买的商品，使用一段时间后出现质量问题，还能售后吗？""",您好，如果商品存在质量问题、与页面描述不一致，或您怀疑收到的不是全新/临期商品，请先保留商品、包装、页面宣传截图、问题照片或视频。客服核实后会按售后规则协助处理，常见方案包括退货退款、换货、维修或补偿；如果确认是商品或宣传问题，一般不会让您承担由此产生的处理成本。,local_systematic_v66,,,0,zh
40,locked,"""我想给商品更换成更大的尺寸，能换吗？"",
""尺寸差价怎么处理？""",您好，如果想更换尺寸，通常需要先确认商品是否支持换货以及目标尺寸是否有库存。若只是尺码不合适且商品不影响二次销售，可按售后规则申请换货；如果新旧尺寸存在差价，一般需要按实际订单价格多退少补或重新下单补差，具体以客服核实结果为准。,local_systematic_v66,,,0,zh
41,locked,"""快递丢失了，怎么办？""，
""这种情况你们会怎么赔偿？多久能解决？""",您好，如果物流疑似丢件，请先提供订单号和当前物流截图。客服会联系快递核实包裹位置；一般会在1-3个工作日内反馈核实结果。确认丢件后，会根据订单情况为您安排补发、退款或其他赔付处理。处理期间建议保留物流记录，方便后续追踪和申诉。,local_systematic_v66,,,0,zh
42,locked,"""我购买的商品，想申请退款，但是已经使用过了，能退吗？""",您好，可以先提交退款/退货申请。若商品未发货，优先申请取消订单；若已签收，请保持商品、配件和包装完整，并说明退货原因。已经使用过的商品是否能退，需要看是否存在质量问题、是否影响二次销售以及平台售后规则；非质量原因退货一般由买家承担寄回运费；质量问题、错发漏发或运输破损通常按售后规则由商家承担相应处理成本。客服核实后会告知是否可退、退回方式和退款进度。,local_systematic_v66,,,0,zh
43,locked,"""我购买的商品，快递送达时，我不在家，怎么办？""",您好，如果快递送达时您不在家，建议先查看物流页面是否支持改约、放置驿站或联系快递员重新派送。如物流状态异常或无法联系快递员，可以提供订单号给客服，我们会协助联系物流确认后续配送安排。,local_systematic_v66,,,0,zh
44,locked,"""请问你们的优惠券能用于所有商品吗？""",您好，优惠券是否能用于所有商品，要以优惠券页面标注的适用范围为准。部分优惠券可能限制商品类目、活动商品、最低消费金额或使用时间；下单时如果优惠券可用，结算页一般会自动显示并抵扣。如果结算页无法选择该券，通常表示当前商品或订单不满足使用条件。,local_systematic_v66,,,0,zh
45,locked,"""请问你们的商品能提供终身维修服务吗？""",您好，售后维修通常覆盖商品本身质量问题、正常使用中出现的故障检测、维修或配件更换。如果是人为损坏、进水、摔碰、私自拆修或超过保修范围，一般也可以申请检测维修，但可能需要收费。费用会根据检测结果、配件和人工成本确认，维修前应先告知报价并征得您确认。请提供订单号、故障照片或视频和购买凭证。,local_systematic_v66,,,0,zh
46,locked,"""我上个月购买的家电，使用不到一个月就出现故障，联系售后寄回维修，现在已经维修15天了，还没收到，而且我发现商品是翻新机，并非全新，要求退货退款并赔偿，请问该怎么处理？""",您好，如果商品存在质量问题、与页面描述不一致，或您怀疑收到的不是全新/临期商品，请先保留商品、包装、页面宣传截图、问题照片或视频。客服核实后会按售后规则协助处理，常见方案包括退货退款、换货、维修或补偿；如果确认是商品或宣传问题，一般不会让您承担由此产生的处理成本。,local_systematic_v66,,,0,zh
47,locked,"""我在你们平台批量购买了100件商品用于企业采购，收到货后发现有20件存在质量问题，15件少发，而且发票开错了抬头，需要重新开具，同时想申请质量问题商品的换货和少发商品的补寄，请问流程是什么？"",",您好，这类批量采购售后建议按问题类型分开处理，避免遗漏：1. 质量问题商品请整理数量、故障描述和照片/视频，申请检测后换货或售后处理；2. 少发商品请提供缺少数量、装箱照片、外包装和快递面单，核实后安排补寄；3. 发票抬头开错请提供原发票信息、正确抬头和税号，客服核实后协助重开。建议一并提供订单号和企业采购清单，方便客服合并跟进。,local_systematic_v66,,,0,zh
48,locked,"""我购买的食品类商品，收到后发现生产日期临近过期，而且包装破损，部分商品受潮无法食用，我要求退货退款并赔偿，同时担心食用了受潮商品影响健康，请问能提供相关保障吗？""",您好，如果收到的商品存在临期、过期或保质期明显不符合页面说明的情况，请先不要继续使用，并保留商品包装、生产日期/保质期标签、订单信息和照片。客服核实后会按售后规则处理，可根据实际情况协助退货退款、换货或补偿。,local_systematic_v66,,,0,zh
49,locked,"""我购买的商品包装破损，商品出现损坏，而且快递员拒绝承认是运输问题，同时我已经签收商品，请问还能申请售后吗？""",您好，即使已经签收，发现外包装破损或商品损坏也可以联系售后核实处理。请尽量保留外包装、快递面单、破损位置照片/视频和开箱记录；客服会结合物流签收情况和商品状态判断责任，如果确认属于运输或发货问题，会协助您申请退换货、补发、维修或赔付。,local_systematic_v66,,,0,zh
50,locked,"""我购买的大家电需要上门安装，但是安装人员上门后说需要额外收取配件费，而且安装服务原本应该是免费的，同时安装人员操作不规范，导致家电出现轻微损坏，请问该怎么处理？""",您好，是否提供上门安装以及是否免费，需要以商品页面、订单服务说明或安装服务规则为准。如果页面承诺免费安装，通常基础安装不应额外收费；但特殊配件、加长材料或非标准安装可能会产生费用，安装前应先告知并确认。如果安装人员额外收费或安装导致商品损坏，请保留收费凭证、现场照片/视频和订单号，客服核实后会协助处理退款、维修或赔付。,local_systematic_v66,,,0,zh
51,locked,"""我购买的商品在质保期内出现质量问题，寄回维修后，维修人员说需要更换配件，而且要收取配件费，但是质保期内应该免费维修，同时维修时间已经超过承诺的7天，请问该怎么处理？"",",您好，质保期内如果属于非人为质量问题，通常应按售后规则提供免费维修或更换相关故障配件。如果维修人员要求收取配件费，建议先要求说明收费原因和检测结论；同时提供订单号、购买凭证、维修单号和报价记录给客服复核。若维修时间超过承诺周期，也可以要求客服催办并反馈预计完成时间或给出替代处理方案。,local_systematic_v66,,,0,zh
52,locked,"""我购买的大型设备需要上门检修，但是检修人员上门后说设备故障无法现场修复，需要拉回仓库维修，而且维修时间不确定，同时我担心设备拉回过程中出现损坏，请问该怎么处理？""",您好，如果大型设备上门检修后确认无法现场修复，可以要求检修人员或客服先说明故障判断、返厂/拉回仓库原因、预计维修周期和运输保护方式。设备拉回前建议拍照或录像留存外观、配件和故障状态，并让工作人员确认交接记录。如果运输或维修过程中造成新的损坏，应由售后继续核实并承担相应处理责任；您也可以要求客服持续反馈维修进度。,local_systematic_v66,,,0,zh
53,locked,"""我想试用商品，但是试用期间商品出现故障，而且不是人为操作导致的，同时我想延长试用期限，请问可以吗？另外故障商品能更换吗？""",您好，试用期间如果商品出现非人为故障，请先保留故障照片或视频、订单号和试用记录。客服核实后可按售后规则协助维修、换货或退换处理。试用期限是否能延长，需要看活动或订单规则；如果故障影响正常试用，可以向客服说明情况并申请特殊处理。,local_systematic_v66,,,0,zh
54,locked,"""我购买的商品，收到后发现是临期商品（还有15天过期），但下单时页面未标注临期，而且商品包装上也没有临期提示，我要求退货退款并赔偿，请问可以吗？""",您好，如果收到的商品存在临期、过期或保质期明显不符合页面说明的情况，请先不要继续使用，并保留商品包装、生产日期/保质期标签、订单信息和照片。客服核实后会按售后规则处理，可根据实际情况协助退货退款、换货或补偿。,local_systematic_v66,,,0,zh
55,locked,"""我购买的商品，收到后发现商品的颜色和详情页描述的不一致，详情页是深红色，实际收到的是浅红色，而且商品有轻微的异味，想申请换货""",您好，如需换货，请提供订单号、商品问题描述以及照片或视频凭证。客服会先核实商品状态、库存和售后条件；符合换货条件的，会告知寄回方式并安排更换。如果是质量问题导致换货，通常会按售后规则处理相应运费。,local_systematic_v66,,,0,zh
57,locked,"""我购买的商品，快递寄到后，我拆开包装发现商品损坏，但是快递员已经离开，没有当场验货，请问还能申请售后吗？""",您好，即使已经签收，发现外包装破损或商品损坏也可以联系售后核实处理。请尽量保留外包装、快递面单、破损位置照片/视频和开箱记录；客服会结合物流签收情况和商品状态判断责任，如果确认属于运输或发货问题，会协助您申请退换货、补发、维修或赔付。,local_systematic_v66,,,0,zh
58,locked,"""我购买的商品，使用时发现商品的功能和详情页描述的不一致，详情页说支持无线充电，实际不支持，而且商品的续航时间也比描述的短很多，要求退货退款并赔偿，请问可以吗？"",",您好，如果商品存在质量问题、与页面描述不一致，或您怀疑收到的不是全新/临期商品，请先保留商品、包装、页面宣传截图、问题照片或视频。客服核实后会按售后规则协助处理，常见方案包括退货退款、换货、维修或补偿；如果确认是商品或宣传问题，一般不会让您承担由此产生的处理成本。,local_systematic_v66,,,0,zh
64,locked,"""使用吹风机时，人员需要佩戴哪些防护装备？""","您好，使用吹风机时，人员需要佩戴以下防护装备： 1. 合格的听力防护装备。 2. 合格的眼部防护装备。 3. 在多尘环境中操作时佩戴面罩。 4. 防滑鞋底的工作靴或工作鞋。 5. 准备急救箱。
可参考配图：<PIC> Manual04_3。",local_systematic_v66,,,1,zh
65,locked,"""操作吹风机时，人员需要注意哪些安全要点？""","您好，操作吹风机时请注意： 1. 不要将喷口对准人或动物，并让人员和动物保持至少 10 米距离。 2. 安装或拆卸附件前先关闭发动机。 3. 不要在通风不良环境中运行发动机。 4. 加油前先停机，避免接触高温消音器和排气区域。 5. 不要站在梯子或支架上操作吹风机。
可参考配图：<PIC> Manual04_3。",local_systematic_v66,,,1,zh
66,locked,"""使用吹风机时，如何调节化油器？""","您好，吹风机化油器通常包含低速油针 L、高速油针 H 和怠速调节螺钉 T。调节时应让发动机运转稳定，按说明分别调整低速、高速和怠速；如果无法稳定怠速或加速异常，应由维修人员进一步检查。
可参考配图：<PIC> Manual04_42。",local_systematic_v66,,,1,zh
67,locked,"""吹风机冷机时，该如何启动？""","您好，吹风机冷机和热机启动方式不同： 1. 冷机启动：将停机开关调到启动位置，将阻风门控制器调到阻风门位置 A，并反复按压泵油膜片，直到燃油充满膜片。 2. 热机启动：将停机开关调到启动位置，先把阻风门控制器调到阻风门位置，再转回原位 B；此时只启用启动油门，不使用阻风门，并同样按压泵油膜片。 3. 启动时左手把机身按在地面，右手慢拉启动手柄至感觉有阻力后快速拉动；不要用脚踩设备。 4. 发动机点火后立即按下阻风门控制器，重复拉动直到启动；启动后迅速全开油门，启动油门会自动解除。 注意：不要把启动绳完全拉出，也不要在启动绳完全拉出时松手。
可参考配图：<PIC> Manual04_24、Manual04_25、Manual04_26。",local_systematic_v66,,,1,zh
68,locked,"""吹风机热机时，该如何启动？""","您好，吹风机冷机和热机启动方式不同： 1. 冷机启动：将停机开关调到启动位置，将阻风门控制器调到阻风门位置 A，并反复按压泵油膜片，直到燃油充满膜片。 2. 热机启动：将停机开关调到启动位置，先把阻风门控制器调到阻风门位置，再转回原位 B；此时只启用启动油门，不使用阻风门，并同样按压泵油膜片。 3. 启动时左手把机身按在地面，右手慢拉启动手柄至感觉有阻力后快速拉动；不要用脚踩设备。 4. 发动机点火后立即按下阻风门控制器，重复拉动直到启动；启动后迅速全开油门，启动油门会自动解除。 注意：不要把启动绳完全拉出，也不要在启动绳完全拉出时松手。
可参考配图：<PIC> Manual04_24、Manual04_25、Manual04_26。",local_systematic_v66,,,1,zh
69,locked,"""该如何关闭吹风机？""","您好，关闭吹风机时，使用停机开关即可停止发动机；日常维护时也应检查停机开关功能是否正常，损坏时需要更换。
可参考配图：<PIC> Manual04_3。",local_systematic_v66,,,1,zh
70,locked,"""空调的重要组成部件有哪些？""","您好，空调的主要组成部件可按室内机、室外机和遥控器来理解： 1. 室内机通常包括前面板、空气入口、空气滤网、空气出口、导风叶片和显示/指示区域。 2. 室外机通常包括空气入口、空气出口、连接管、排水软管和电源/连接线等。 3. 遥控器用于开关机、模式、温度、风速和定时等日常控制。
可参考配图：<PIC> Manual01_0。",local_systematic_v66,,,1,zh
71,locked,"""如何找到空调遥控器的按键？""",您好，遥控器无法使用时，可通过室内机的开 / 关键操作空调，此时风扇转速默认设为高速。 1. 打开前盖板，轻轻掀起盖板两侧即可。 * 功能会根据机型有所调整。 2. 按下开 / 关键。 * 功能会根据机型有所调整。 3. 冷暖型机型的运行模式会根据室内温度自动切换。 4. 单冷型机型的温度将默认设为 22 摄氏度（71.6 华氏度）。,local_systematic_v66,,,0,zh
72,locked,"""如何给空调遥控器安装电池？""","使用遥控器前，请先安装电池，适用电池型号为 7 号。1 取下电池盖。 1. 装入新电池，确保电池正、负极安装正确。 2. 重新装上电池盖。
可参考配图：<PIC> Manual01_2、Manual01_3。",local_systematic_v66,,,1,zh
73,locked,"""如何安装空调遥控器支架？""","将支架安装在无阳光直射的位置，以保护遥控器。 1. 选择安全且便于取用的位置。 2. 用螺丝刀将两颗螺丝拧紧，固定支架。 3. 将遥控器滑入支架中。
可参考配图：<PIC> Manual01_4、Manual01_5。",local_systematic_v66,,,1,zh
74,locked,"""如何用空调快速调节室内温度？""","您好，（极速制冷 / 制热模式） 该模式可在夏季快速冷却室内空气，或在冬季快速提升室内温度。 1. 按下开 / 关键开启电源。 2. 按下极速键。 3. 极速制冷模式下，空调将以 18 摄氏度的温度强风出风 30 分钟。 4. 极速制热模式下，空调将以 30 摄氏度的温度强风出风 30 分钟。
可参考配图：<PIC> Manual01_16。",local_systematic_v66,,,1,zh
75,locked,"""如何使用空调的自清洁运行功能？""","您好，制冷和除湿运行时，室内机内部会产生水汽，可使用自清洁功能去除水汽。 1. 按下自清洁键，显示屏上会显示自清洁标识。 2. 若关闭电源，风扇将继续运行 30 分钟，对室内机内部进行清洁。
可参考配图：<PIC> Manual01_17。",local_systematic_v66,,,1,zh
76,locked,"""如何使用空调的等离子净化功能？""","您好，本产品搭载的等离子滤网可彻底去除吸入空气中的微小污染物，输送洁净清新的空气。 1. 按下开 / 关键开启电源。 2. 按下等离子键，显示屏上会显示等离子标识。
可参考配图：<PIC> Manual01_18。",local_systematic_v66,,,1,zh
77,locked,"""单冷型空调如何开启自动运行模式？""","您好，此模式下，风扇转速和温度会根据室内温度自动调节。 1. 按下开 / 关键开启电源。 2. 反复按下模式键，选择自动运行模式。 3. 若当前温度高于或低于所需温度，按下上升 / 下降键选择所需的运行代码。
可参考配图：<PIC> Manual01_19。",local_systematic_v66,,,1,zh
78,locked,"""如何使用空调的自动转换运行功能？""","您好，该模式会自动切换运行模式，将设定温度的波动控制在 2 摄氏度以内。 1. 按下开 / 关键开启电源。 2. 反复按下模式键，选择自动转换运行模式，显示屏上会显示对应标识。 3. 按下上升 / 下降键设置所需温度，温度调节范围为 18 摄氏度（64 华氏度）-30 摄氏度（86 华氏度）。 4. 反复按下风速键选择风扇转速。
可参考配图：<PIC> Manual01_20。",local_systematic_v66,,,1,zh
79,locked,"""如何开启空调的节能制冷模式？""","您好，节能制冷模式 该模式可最大限度降低制冷时的耗电量，并将设定温度调节至最适宜的水平，打造更舒适的环境。 1. 按下开 / 关键开启电源。 2. 反复按下模式键，选择制冷模式。 3. 按下节能键，显示屏上会显示节能标识。
可参考配图：<PIC> Manual01_21。",local_systematic_v66,,,1,zh
80,locked,"""无遥控器时如何操作空调？""","遥控器无法使用时，可通过室内机的开 / 关键操作空调，此时风扇转速默认设为高速。 1. 打开前盖板，轻轻掀起盖板两侧即可。 * 功能会根据机型有所调整。 2. 按下开 / 关键。 * 功能会根据机型有所调整。 3. 冷暖型机型的运行模式会根据室内温度自动切换。 4. 单冷型机型的温度将默认设为 22 摄氏度（71.6 华氏度）。
可参考配图：<PIC> Manual01_22、Manual01_23。",local_systematic_v66,,,1,zh
81,locked,"""如何让空调实现自动重启？""","您好，空调自动重启功能用于停电后恢复之前的运行设置，通常为出厂默认开启。 关闭方法如下： 1. 打开前盖板，轻轻掀起盖板两侧。 2. 按住开/关键约 6 秒，设备会发出两声蜂鸣，指示灯闪烁 6 次。 3. 如需重新开启，再次按住开/关键约 6 秒，设备会发出两声蜂鸣，蓝色指示灯闪烁 4 次。
可参考配图：<PIC> Manual01_25、Manual01_26。",local_systematic_v66,,,1,zh
82,locked,"""不同型号空调的清洁频率是多少？""","建议每两周清洁一次空气滤网，必要时可增加清洁频率。 1. 关闭电源并拔下电源线。 2. 打开前盖板，轻轻掀起盖板两侧即可。 * 功能会根据机型有所调整。 3. 握住空气滤网的把手，轻轻向上提起，将其从机身中取出。 * 功能会根据机型有所调整。 4. 用吸尘器清理滤网，或用温水冲洗，若滤网污垢较难清理，可在温水中加入洗涤剂清洗。 5. 将滤网置于阴凉处晾干。
可参考配图：<PIC> Manual01_29、Manual01_30。",local_systematic_v66,,,1,zh
83,locked,"""如何清洁空调的空气滤网？""","建议每两周清洁一次空气滤网，必要时可增加清洁频率。 1. 关闭电源并拔下电源线。 2. 打开前盖板，轻轻掀起盖板两侧即可。 * 功能会根据机型有所调整。 3. 握住空气滤网的把手，轻轻向上提起，将其从机身中取出。 * 功能会根据机型有所调整。 4. 用吸尘器清理滤网，或用温水冲洗，若滤网污垢较难清理，可在温水中加入洗涤剂清洗。 5. 将滤网置于阴凉处晾干。
可参考配图：<PIC> Manual01_29、Manual01_30。",local_systematic_v66,,,1,zh
84,locked,"""如何清洁空调的3M多重防护滤网？""","您好，
1. 关闭电源并拔下电源线。 2. 打开前盖板，取出空气滤网（详见 “清洁空气滤网”）。 3. 抽出 3M 多重防护滤网。 * 功能会根据机型有所调整。 4. 用吸尘器清理滤网污垢，切勿用水清洗 3M 多重防护滤网，以免造成滤网损坏。
可参考配图：<PIC> Manual01_31。",local_systematic_v66,,,1,zh
85,locked,"""如何清洁空调的等离子滤网？""","您好，
1. 关闭电源并拔下电源线。 2. 打开前盖板，取出空气滤网（详见 “清洁空气滤网”）。 3. 在 10 秒内取下等离子滤网。 * 功能会根据机型有所调整。 4. 用吸尘器清理滤网污垢，若污垢较难清理，可用温水冲洗。 5. 将滤网置于阴凉处晾干。
可参考配图：<PIC> Manual01_32。",local_systematic_v66,,,1,zh
86,locked,"""如何快速组装蒸汽清洁机？""","您好，蒸汽清洁机快速组装不需要专用工具，可按以下步骤操作： 1. 从机身底部取下机身锁扣。 2. 将机身底部滑入旋转拖把头的颈部位置，并对齐锁扣孔。 3. 插入机身锁扣，将机身和拖把头固定。 4. 将手柄杆插入机身，直到听到咔嗒声并确认锁定到位。
可参考配图：<PIC> Manual05_3、Manual05_4、Manual05_5。",local_systematic_v66,,,1,zh
87,locked,"""蒸汽清洁机有哪些实用的产品功能？如何快速上手使用？""","您好，蒸汽清洁机的实用功能主要包括： 1. 手持蒸汽器可拆下使用，便于清洁局部区域。 2. 拖把头适合硬质地面清洁。 3. 布艺清洁头可搭配清洁布处理玻璃或硬质表面。 4. 喷射喷嘴、弧形喷嘴等配件可用于缝隙、边角或硬质表面清洁。 使用前请确认部件锁扣固定到位，并按不同清洁场景选择合适配件。
可参考配图：<PIC> Manual05_1、Manual05_2、Manual05_12。",local_systematic_v66,,,1,zh
88,locked,"""如何使用蒸汽清洁机清洁硬质地面？""",您好，使用蒸汽清洁机清洁硬质地面时，请注意： 1. 本机适用于瓷砖、Vinyl 地板、复合地板、大理石、石材及封边木地板。 2. 清洁前请先扫地或吸尘。 3. 清洁时缓慢移动机器，同时按下开关输出蒸汽。 4. 如需对某一区域消毒，可将蒸汽拖把停留至少 15 秒，但不要超过 20 秒。 5. 不出蒸汽时，请先拔掉电源、取下水箱加水后再继续清洁。 注意：不可用于未封边木地板；首次使用时，机器可能需要数秒才会出蒸汽。,local_systematic_v66,,,0,zh
89,locked,"""组装人体工学椅涉及哪些部件？""","您好，人体工学椅组装时主要会用到这些部件：椅背、座垫、扶手、底盘、气杆、底座、脚轮、连接件、头枕和腰枕等。 组装顺序通常是先安装脚轮和底座/气杆，再安装底盘、座椅、椅背连接件、扶手，最后装头枕与腰枕。
可参考配图：<PIC> Manual02_0。",local_systematic_v66,,,1,zh
90,locked,"""椅子的扶手使用一段时间后为什么会松动？""","常见问题：Q：使用一段时间后扶手变松怎么办？A：大多数情况下，扶手和椅背的螺丝会在使用一段时间后松动，重新拧紧螺丝即可解决问题
可参考配图：<PIC> Manual02_0、Manual02_1。",local_systematic_v66,,,1,zh
91,locked,"""这款椅子有哪些功能？""","您好，这款人体工学椅的主要功能包括： 1. 高度调节：向上拉起升降拉杆调节椅子高度，到合适高度后松开。 2. 椅背后仰：向上拉起后仰拉杆，椅背可随人体动作独立倾斜；向下按下可锁定角度。 3. 腰枕按摩：插入 USB 后可启用腰枕按摩功能。 4. 扶手/头枕/腰枕用于提升支撑和舒适度；使用一段时间后如扶手松动，可重新拧紧螺丝。
可参考配图：<PIC> Manual02_0。",local_systematic_v66,,,1,zh
92,locked,"""洗碗机的部件有哪些？""","您好，洗碗机常见部件和操作区域包括：开机/关机键、启动/暂停/取消键、显示屏、程序选择键、半载/洗涤块键、预约启动键、盐量与亮碟剂指示区域、上下层餐具篮、喷淋臂、过滤器、洗涤剂盒和亮碟剂盒等。
可参考配图：<PIC> Manual06_15、Manual06_16。",local_systematic_v66,,,1,zh
93,locked,"""首次使用时，如何将洗碗机连接到排水口？""","您好，
1. 厘米。 排水管长度超过 4 米会导致洗涤不干净。 将排水管平直连接到排水管，不得弯折。 牢固固定排水管，防止工作时脱落。 排水管必须连接到污水系统，不得连接到地表水。
可参考配图：<PIC> Manual06_2。",local_systematic_v66,,,1,zh
94,locked,"""使用前如何为洗碗机添加专用盐？""","产品中只能使用洗碗机专用软化盐。 建议使用颗粒或粉末状软化盐。 请勿使用食盐等含不溶物的盐，否则软水系统性能会逐渐下降。 启动产品时盐箱会进水，因此请在启动机器前添加软化盐。 1. 先取出下层碗篮以便添加软化盐。 2. 逆时针旋转盐箱盖打开（A、B）。 首次使用前，向软水系统注入 1 升水（C）。 使用盐斗向盐箱加盐（D）。 为加速盐的溶解，可用勺子搅拌。 盐箱约可装入 2 公斤软化盐。 3. 盐箱加满后盖上盖子并拧紧。 4. 若加盐后不立即启动洗涤程序，请空载运行最短程序，溶解并冲散机器内散落的盐。 由于市场上不同盐品牌的颗粒大小不同，且水硬度可能存在差异，盐在水中的溶解可能需要数小时。因此，加盐后盐量指示灯可能仍会亮一段时间。
可参考配图：<PIC> Dish_washer_07、Dish_washer_01。",local_systematic_v66,,,1,zh
95,locked,"""如何为洗碗机添加洗涤剂？""","您好，给洗碗机添加洗涤剂时，请按说明书步骤操作： 1. 在即将运行程序前，向右推动卡扣打开洗涤剂盒盖。 2. 按所选程序和餐具脏污程度，加入建议量的粉末或块状洗涤剂；洗涤剂盒内有 15 cm³ 和 25 cm³ 刻度，满容量为 40 cm³。 3. 如果餐具放置时间较长、残渣已经干结，可同时在 5 cm³ 小格中加入洗涤剂。 4. 轻轻按下盒盖，听到咔嗒声表示已关紧。 提示：无预洗的短程序建议使用粉末洗涤剂；过量使用粉末洗涤剂可能无法完全溶解，并在玻璃器皿上留下划痕。
可参考配图：<PIC> Dish_washer_03、Manual06_4。",local_systematic_v66,,,1,zh
96,locked,"""如何为洗碗机添加洗涤块？""","您好，洗碗机可使用 2 合 1、3 合 1、4 合 1、5 合 1 等洗涤块。使用洗涤块功能时： 1. 按开机/关机键开机。 2. 选择所需程序。 3. 按半载/洗涤块键，直到洗涤块指示灯亮起。 4. 按启动/暂停/取消键并关闭机门开始运行。 该功能开启时，盐量和亮碟剂指示灯会关闭；如需更好洗涤和烘干效果，说明书仍建议优先分别使用洗涤剂、亮碟剂和专用盐。
可参考配图：<PIC> Manual06_5、Manual06_15、Manual06_16。",local_systematic_v66,,,1,zh
97,locked,"""如何在洗碗机中添加和使用亮碟剂以获得更好的洗涤效果？""","1. 按下卡扣打开亮碟剂盒盖（B）。 2. 向盒内加注至 MAX 刻度线。 3. 轻轻按下关闭盒盖。 擦净溢出的亮碟剂。 意外溢出的亮碟剂会产生泡沫，最终降低洗涤效果。 4. 将亮碟剂剂量调节旋钮手动调至 1-6 之间的位置（4）。 若洗涤后餐具上有污渍，需调高剂量；若手擦后有蓝色痕迹，则调低剂量。出厂默认设置为 4。
可参考配图：<PIC> Manual06_5。",local_systematic_v66,,,1,zh
98,locked,"""哪些物品不适合在洗碗机中清洗？""",您好，以下物品不适合放入洗碗机清洗： 1. 沾有烟灰、蜡烛残渣、抛光剂、染料或化学品的餐具。 2. 铁制器具，避免生锈或污染其他物品。 3. 带木质或骨质手柄、带黏合部件、含不耐热部件的银质餐具或刀具。 4. 铜制和镀锡容器。 5. 有装饰花纹的瓷器、铝制和银质器具，以及精致玻璃或水晶制品，清洗后可能褪色、失去光泽或受损。 建议购买餐具时确认其是否标注为适合洗碗机清洗。,local_systematic_v66,,,0,zh
99,locked,"""如何根据洗碗机型号安装餐具篮？""","您好，洗碗机上层餐具篮/碗篮可根据餐具尺寸调节高度，具体取决于型号： 1. 使用篮滚轮调节时，先拨开上层篮导轨末端的限位器。 2. 取出碗篮，改变滚轮位置后再将碗篮放回导轨，并关闭限位器。 3. 若是带碗篮调节机构的型号，可抓住上层篮一侧架丝向上提起以升高碗篮，另一侧重复操作。 4. 需要降低时，按下碗篮调节机构上的卡扣，再在另一侧重复操作。 5. 调节后确认两侧处于同一水平，避免碗篮倾斜。
可参考配图：<PIC> Manual06_13、Manual06_14。",local_systematic_v66,,,1,zh
100,locked,"""使用洗碗机前如何安装可折叠下层篮架？""","您好，机器下层碗篮上的两根可折叠架丝设计用于更方便地放置锅、碗等大件物品（1、2）
可参考配图：<PIC> Manual06_12。",local_systematic_v66,,,1,zh
101,locked,"""如何调节洗碗机满载时上下碗篮的高度？""","您好，洗碗机上层餐具篮/碗篮可根据餐具尺寸调节高度，具体取决于型号： 1. 使用篮滚轮调节时，先拨开上层篮导轨末端的限位器。 2. 取出碗篮，改变滚轮位置后再将碗篮放回导轨，并关闭限位器。 3. 若是带碗篮调节机构的型号，可抓住上层篮一侧架丝向上提起以升高碗篮，另一侧重复操作。 4. 需要降低时，按下碗篮调节机构上的卡扣，再在另一侧重复操作。 5. 调节后确认两侧处于同一水平，避免碗篮倾斜。
可参考配图：<PIC> Manual06_13、Manual06_14。",local_systematic_v66,,,1,zh
102,locked,"""如何清洁洗碗机的进水管滤网？""","您好，安装在进水管上的滤网可防止市政供水或自备水系统中的杂质（沙、污垢、铁锈等）损坏机器。 定期检查滤网和水管，必要时清洁。 1. 关闭水龙头并拆下水管。 2. 取出滤网后在自来水下清洁。 3. 将清洁后的滤网装回水管原位。 4. 将水管装回水龙头。
可参考配图：<PIC> Manual06_22。",local_systematic_v66,,,1,zh
103,locked,"""如何清洁洗碗机的上层喷淋臂？""","您好，清洁洗碗机上层喷淋臂时，请按以下步骤操作： 1. 先检查上层喷淋臂孔位是否堵塞。 2. 如有堵塞，拆下喷淋臂进行清洁。 3. 拧松固定螺母，取下喷淋臂。 4. 清理喷孔中的残渣并用水冲洗干净。 5. 清洁后重新装回喷淋臂，并确认能顺畅转动。
可参考配图：<PIC> Manual06_23。",local_systematic_v66,,,1,zh
104,locked,"""如何拆除空气净化器滤网的塑料包装？""","您好，首次使用空气净化器前需要先取下滤网塑料包装： 1. 关闭设备并拔下电源。 2. 双手握住设备上盖并向上拉起，再握住背部滤网盖把手向前拉出。 3. 取出滤网并去掉塑料包装。 4. 将滤网重新装入设备，确保滤网安装牢固。 5. 装回滤网盖和上盖。 6. 插上电源后，同时长按“睡眠 + 自动”键 5 秒以上完成初始化，红色滤网更换指示灯会熄灭。
可参考配图：<PIC> Manual03_0、Manual03_1、Manual03_2。",local_systematic_v66,,,1,zh
105,locked,"""如何安装空气净化器的脚轮？""","您好，空气净化器脚轮安装方法如下：1. 包装内小盒中有 4 个脚轮和 8 颗螺丝。2. 用螺丝刀拆下空气净化器底部四个底座。3. 每个脚轮用两颗螺丝固定，替换原底座。4. 保留拆下的底座和螺丝，以备后续使用。
可参考配图：<PIC> Manual03_14。",local_systematic_v66,,,1,zh
106,locked,"""空气净化器通常有哪些模式？如何设置？这些模式有什么特点？""","您好，空气净化器常见运行和设置功能包括： 1. 常规运行：按启动键开机，可用控制面板上下键选择风速，风速可在多个档位间调节。 2. 空气质量显示：室内空气质量指示灯会根据检测到的细颗粒物浓度显示不同颜色，帮助判断空气状态。 3. 安全锁：可长按指定按键开启，防止儿童误操作。 4. 滤网更换提醒：滤网更换指示灯变红时，需要更换滤网；更换后长按“睡眠 + 自动”键重置指示灯。
可参考配图：<PIC> Manual03_14、Manual03_18、Manual03_20。",local_systematic_v66,,,1,zh
107,locked,"""空气净化器的室内空气质量指示灯是什么？""","您好，可通过室内空气质量指示灯实时查看室内空气质量。该指示灯以灯光形式环绕显示屏外缘。设备根据检测到的细颗粒物浓度显示空气质量。传感器检测室内空气质量，设备通过四种不同颜色显示空气状态
可参考配图：<PIC> Manual03_20。",local_systematic_v66,,,1,zh
108,locked,"""如何清洁空气净化器的设备内外？""","您好，清洁空气净化器设备内外时，请先断开电源；外壳可用柔软干布擦拭，进风/出风口和内部灰尘可用吸尘器或软刷清理。不要用水直接冲洗设备，也不要使用强腐蚀清洁剂。
可参考配图：<PIC> Manual03_14。",local_systematic_v66,,,1,zh
109,locked,"""如何清洁空气净化器的滤网？""","您好，清洁空气净化器滤网时，可用吸尘器或软刷清洁预过滤网；如果滤网过脏请直接更换。说明书明确提醒：不要用水清洗滤网。
可参考配图：<PIC> Manual03_14。",local_systematic_v66,,,1,zh
110,locked,"""如何更换空气净化器的滤网？""","您好，空气净化器需要更换滤网时，滤网更换指示灯会亮红色。说明书建议每 6-12 个月更换一次滤网，具体周期会受使用环境影响。 更换滤网后，请长按控制面板上的“睡眠 + 自动”键 5 秒以上，重置滤网指示灯。
可参考配图：<PIC> Manual03_21。",local_systematic_v66,,,1,zh
111,locked,"""如何清洁空气净化器的灰尘传感器？""","您好，清洁空气净化器灰尘传感器时，请按以下步骤操作： 1. 双手握住设备上盖并向上拉起。 2. 握住背部滤网盖把手并向前拉出。 3. 拆下设备右侧的灰尘传感器盖。 4. 用蘸少量水的棉签擦拭灰尘传感器镜头和进风口，再用干净的干棉签彻底擦干。 5. 装回灰尘传感器盖和滤网盖，并将设备上盖标识朝前装回。
可参考配图：<PIC> Manual03_22、Manual03_23。",local_systematic_v66,,,1,zh
112,locked,"""空气净化器需要长期存放时该怎么做？""","您好，空气净化器长期存放前，建议在晴天让设备运行约 1 小时，帮助干燥内部；然后关闭并拔下电源，清洁设备后盖好防尘，并存放在干燥、避免阳光直射的位置。
可参考配图：<PIC> Manual03_14。",local_systematic_v66,,,1,zh
113,locked,"""如何了解这款健身单车的技术规格？""","您好，这款健身单车的技术规格包括：最大使用者重量 136 千克（300 磅），设备总占地面积 5670 平方厘米，机器重量 26.5 千克（58.4 磅）。认证方面，交流电源适配器符合 CE 认证，产品符合固定式健身器材 EN ISO 20957 国际标准 S 级。
可参考配图：<PIC> Manual14_0、Manual14_1、Manual14_2。",local_systematic_v66,,,1,zh
114,locked,"""启动健身单车前，我需要做什么？""","您好，
1. 分钟时间段。活动列每 2 分钟向右移动一次。如运动超过 30 分钟，活动列固定在最右侧，之前的列移出屏幕。 2. 坐在机器上。 3. 按增加/减少按钮选择正确的用户档案。如未设置用户档案，可选择无自定义数据的用户档案（仅默认值）。 4. 按快速启动按钮开始手动程序。 5. 如需改变阻力等级，按阻力增加/减少按钮。当前区间和未来区间将设置为新等级。手动模式默认阻力等级为 4。时间从 00:00 开始累计。注：如手动模式运动超过 99 分 59 秒（99:59），时间单位将自动切换为小时和分钟（如 1 小时 40 分钟）。 6. 运动结束时，停止踩踏并按暂停/结束按钮暂停运动。再次按暂停/结束按钮结束运动。注：运动结果将记录到当前用户档案。",local_systematic_v66,,,0,zh
115,locked,"""我听说买的这款健身单车配有控制台和显示功能，能为我介绍一下吗？""","您好，控制台可提供运动重要信息，并可在运动时控制阻力等级。控制台配有带触控按键的显示屏，用于浏览运动程序
可参考配图：<PIC> Manual14_21。",local_systematic_v66,,,1,zh
116,locked,"""在健身单车上运动前，我需要调整什么来保证运动的舒适度？""","您好，如腿部过直或脚无法踩到脚踏板，将立式单车座椅调低。如膝盖弯曲过度，将座椅调高。调节座椅前请先下车。！松开并拉出座管上的调节旋钮，将座椅调至所需高度，松开旋钮使锁销卡入。确保锁销完全卡入并拧紧旋钮
可参考配图：<PIC> Manual14_24。",local_systematic_v66,,,1,zh
117,locked,"""使用健身单车的轻松骑行类别时，我能体验到哪些预设运动程序？""","您好，健身单车“轻松骑行”类别下的预设运动程序包括：起伏山丘、公园骑行和轻松之旅。这些预设程序会自动控制阻力和运动等级，适合进行较轻松、节奏相对平稳的骑行训练。
可参考配图：<PIC> Manual14_27、Manual14_28、Manual14_29。",local_systematic_v66,,,1,zh
118,locked,"""使用健身单车的山地类别时，我能体验到哪些预设运动程序？""","您好，健身单车山地类别的预设运动程序包括 Pikes Peak（派克峰）、Mount Hood（胡德山）和 Pyramid（金字塔），这些程序会自动控制不同阻力和运动等级。
可参考配图：<PIC> Manual14_30、Manual14_31、Manual14_32。",local_systematic_v66,,,1,zh
119,locked,"""挑战健身单车的最高难度类别时，我能体验到哪些预设运动程序？""","您好，健身单车挑战类别的预设运动程序包括 Uphill Sprint（上坡冲刺）、Cross-Training（交叉训练）和 Interval Training（间歇训练），属于更高难度的自动阻力训练程序。
可参考配图：<PIC> Manual14_33、Manual14_34、Manual14_35。",local_systematic_v66,,,1,zh
120,locked,"""如果我想编辑健身单车的用户档案，需要遵循哪些步骤？""","您好，编辑健身单车用户档案时，可选择对应用户档案后进入编辑流程，按提示设置姓名、年龄、体重、身高、性别和首选运动数据显示等信息；保存后，该档案会用于记录运动结果和查看运动数据。
可参考配图：<PIC> Manual14_26。",local_systematic_v66,,,1,zh
121,locked,"""我想在使用健身单车时设置心率目标，能否根据我的年龄为我推荐合适的目标心率？""","您好，
1. 选择心率控制运动等级：初级（BEG）或高级（ADV），然后按确认键。 2. 按增加（♠）或减少（▼）按钮选择最大心率百分比：50–60%、60–70%、70–80%、80–90%。80–90% 心率区间运动前请咨询医生。 3. 按增加（♠）或减少（▼）按钮选择目标类型，然后按确认键。 4. 按增加（♠）或减少（▼）按钮设置运动目标值。注：设置目标时请留出时间让心率达到目标区间。 5. 按确认键开始运动。",local_systematic_v66,,,0,zh
122,locked,"""我听说这款健身单车有体能测试程序，这是什么功能？""",您好，体能测试程序用于评估体能水平变化。它会将功率输出（瓦特）与心率进行对比；体能提升后，在相同心率下通常能输出更高功率。使用该程序时，控制台需要能读取接触式心率传感器或心率监测仪数据，并会根据用户档案中的年龄和体重计算体能得分。,local_systematic_v66,,,0,zh
123,locked,"""如果要给电钻充电，需要遵循哪些步骤？""","您好，充电步骤（图1） 1. 插入电池组前，先将充电器插入合适的插座。 2 2. 如图1所示，将电池组（K）插入充电器，确保电池组完全就位。红色（充电）指示灯持续闪烁，表示充电过程已开始。 3. 红色指示灯常亮表示充电完成。电池组已充满电，此时可使用或留在充电器中。
可参考配图：<PIC> Manual11_2。",local_systematic_v66,,,1,zh
124,locked,"""我的DCB101型号电钻指示灯闪烁时，这些闪烁标识代表什么含义？""","您好，DCB101 充电器的指示灯状态含义如下： 1. 电池组充电中：表示电池正在充电。 2. 电池组已充满：表示电池已充满，可以使用或留在充电器中。 3. 过热/过冷延迟：表示电池温度过高或过低，充电器会暂停充电，待温度恢复后继续。 4. 电池组或充电器故障：表示电池组或充电器可能存在故障，需要重新插入电池组或送检确认。 5. 电源故障：红色指示灯快速闪烁两次后暂停，表示所接电源超出允许范围。
可参考配图：<PIC> drill0_08、drill0_09。",local_systematic_v66,,,1,zh
126,locked,"""使用电钻时，如何安装单套无键夹头？""","您好，安装单套无键夹头附件时，一手握住夹头黑色套筒，另一手固定工具；逆时针旋转套筒打开夹爪，插入附件约 19 mm（3/4 英寸），再顺时针旋紧套筒，确保附件被夹牢。
可参考配图：<PIC> drill0_01、drill0_02、drill0_03。",local_systematic_v66,,,1,zh
127,locked,"""如果要安装和拆卸电钻的电池组，需要遵循什么步骤？""","您好，安装电钻电池组时，先确认电池已充满电，将电池组对准工具手柄内的导轨，滑入手柄直到牢固就位且不会松脱。拆卸时，按下电池释放按钮，将电池组从手柄中平稳拔出。
可参考配图：<PIC> Manual11_8。",local_systematic_v66,,,1,zh
128,locked,"""使用电钻的腰带挂钩和批头夹时，需要特别注意什么？""","您好，腰带挂钩 B
可参考配图：<PIC> drill0_18。",local_systematic_v66,,,1,zh
129,locked,"""购买电钻后，应配备哪些附件？""",您好，购买电钻后，建议按作业需要配备合适的钻头、批头等附件，并按照说明书要求佩戴护目镜或其他眼部防护装备；冲击钻孔时还应佩戴听力防护装备。如果工具配有辅助手柄，也应按要求使用。附件应选择与工具规格兼容的正规配件，安装或拆卸前请先关闭工具并取下电池组。,local_systematic_v66,,,0,zh
130,locked,"""电钻的三年有限保修包含哪些内容？""",您好，电钻的三年有限保修通常覆盖正常使用下因材料或工艺缺陷导致的问题；同时说明书还提到购买后第一年内可免费维护工具并更换正常使用磨损部件，部分电池组享有两年或三年免费服务。享受保修服务通常需要提供购买凭证；人为改装、误用、滥用、非授权维修或不按说明书操作造成的损坏一般不在保修范围内。,local_systematic_v66,,,0,zh
131,locked,"""购买健身追踪器后，包装盒里应该有什么？""","您好，健身追踪器包装盒内通常包含：配有小号表带的手表、充电线，以及额外的大号表带。说明书也提示，可拆卸表带有多种颜色和材质，部分配件表带需要单独购买。
可参考配图：<PIC> Manual16_3。",local_systematic_v66,,,1,zh
132,locked,"""我刚发现健身追踪器电量低，该如何正确为其充电？""","您好，健身追踪器电量低时可以这样充电： 1. 将充电线插入电脑 USB 口、UL 认证 USB 墙充或其他低功率充电设备。 2. 将充电线另一端吸附到手表背面的充电触点，确保触点对齐并贴合。 3. 充电约 12 分钟可支持约 24 小时使用；完全充满通常需要 1-2 小时。 4. 充电时可轻触屏幕或按按钮查看电量，电量低时请及时充电。
可参考配图：<PIC> Manual16_1、Manual16_2。",local_systematic_v66,,,1,zh
133,locked,"""为了让健身追踪器性能更佳，日常佩戴和运动时该将其佩戴在什么位置？""",您好，将健身追踪器佩戴在手腕上。如需更换不同尺寸的表带，或购买了其他表带，请参阅第14页“更换表带”说明,local_systematic_v66,,,0,zh
134,locked,"""我的健身追踪器表带太紧了，该如何扣紧表带？""","扣紧表带 1. 将健身追踪器戴在手腕上。 2. 将底部表带穿入顶部表带的第一个环扣。 3. 收紧表带至舒适贴合，将表扣钉按入表带上的其中一个孔。如果使用小号表带的最后两个孔，我们建议更换为大号表带以获得更稳固的佩戴效果。 操作说明请参阅下一页“更换表带”。 4. 将表带的松散端穿入第二个环扣，使其平整贴在手腕上。确保表带不要过紧。佩戴时应留有空隙，可在手腕上轻微移动。
可参考配图：<PIC> Manual16_6、Manual16_7。",local_systematic_v66,,,1,zh
135,locked,"""我想取下健身追踪器，该如何正确拆卸表带？""","拆卸表带 1. 将健身追踪器翻面，找到表带卡扣。 2. 松开卡扣，将扁平按钮向表带方向滑动。 3. 轻轻将表带从手表上拔下松开。 4. 另一侧重复操作。 安装表带时，将其按入手表末端，直至听到咔嗒声并卡紧到位。带环扣和表扣钉的表带安装在手表顶部。
可参考配图：<PIC> Manual16_9、Manual16_10。",local_systematic_v66,,,1,zh
136,locked,"""我听说可以操作健身追踪器的界面，具体该遵循哪些步骤？""","您好，健身追踪器的基础界面操作可以按滑动和按钮来理解： 1. 从表盘向下滑动可打开快捷设置。 2. 从表盘向上滑动可查看通知。 3. 在表盘左右滑动可浏览功能卡片，例如每日目标、活动摘要、心率、睡眠、计时器、运动或天气。 4. 按按钮可打开应用或从应用返回表盘；长按表盘可切换表盘样式。
可参考配图：<PIC> Manual16_12、Manual16_13。",local_systematic_v66,,,1,zh
137,locked,"""健身追踪器能对手机的通知实现哪些功能？""",您好，健身追踪器可以接收手机通知。设置前请确认手机蓝牙已开启，且手机系统允许接收通知；然后在健身追踪器应用中进入设备卡片，打开通知相关设置。设置完成后，来电、消息或应用通知可同步到手表端查看，具体支持项目取决于手机和应用权限。,local_systematic_v66,,,0,zh
138,locked,"""能告诉我健身追踪器是如何追踪皮肤温度变化的吗？""","健身追踪器上的EDA扫描应用可检测皮肤电活动，这可能反映你身体对压力的反应。由于出汗量受交感神经系统控制，这些变化能显示身体对压力反应的重要趋势。可选择2分钟快速扫描或引导式课程。 1. 打开EDA扫描应用 2. 选择快速重置进行2分钟扫描，或引导式课程进行最长60分钟的扫描。 3. 如选择引导式课程，会出现通知提示打开健身追踪器应用。选择正念课程，点击播放音频。注意：高级版订阅用户可在健身追踪器应用中获取更多引导式冥想。 4. 将手放在屏幕上方。注意：手掌必须接触金属边框的全部四边。 5. 扫描期间保持静止。手放在健身追踪器上至少2分钟。 6. 如移开手，扫描会暂停。继续扫描：将手放回屏幕。结束课程：点击结束。
Reference images: <PIC> Manual16_35, Manual16_36.",local_systematic_v66,,,1,zh
139,locked,"""通过运动应用，健身追踪器是如何追踪并分析我的运动情况的？""","您好，健身追踪器可通过运动应用记录运动数据： 1. 在手表上打开运动应用，选择要记录的运动类型。 2. 运动过程中设备会记录与该运动相关的数据，例如活动时间、心率和运动表现。 3. 运动结束后，可在手表或配套应用中查看运动摘要，用于追踪和分析运动情况。
可参考配图：<PIC> Manual16_45。",local_systematic_v66,,,1,zh
140,locked,"""健身追踪器是如何测量我的心率的？""","您好，健身追踪器通过手表背面的传感器测量心率，佩戴时需要让传感器与手腕皮肤保持接触。 1. 正常佩戴时，设备会持续记录全天心率数据。 2. 运动时，心率数据会用于运动记录和分析。 3. 如果开启高/低心率通知，设备在检测到静止状态下心率超出阈值时会提醒。
可参考配图：<PIC> Manual16_4、Manual16_5。",local_systematic_v66,,,1,zh
141,locked,"""我该如何仅使用健身追踪器完成消费支付？""","您好，可以直接用健身追踪器进行非接触式支付： 1. 在手表上打开钱包或健身追踪器支付应用；部分机型可双击按钮快速打开。 2. 如有提示，输入 4 位手表 PIN 码。 3. 使用默认卡时，将手腕靠近支付终端；如需使用其他卡，先滑动选择卡片后再靠近终端。 4. 支付成功时，手表会震动并在屏幕上显示确认信息。使用支付功能时需将设备佩戴在手腕上。
可参考配图：<PIC> Manual16_46、Manual16_47。",local_systematic_v66,,,1,zh
142,locked,"""使用健身追踪器时，我可能会遇到哪些问题以及该如何解决？""","您好，健身追踪器如果出现无法同步、无法响应轻点/滑动/按钮操作、无法追踪步数或其他数据、无法显示通知等问题，说明书建议先重启手表。重启后如问题仍存在，再根据具体故障继续排查。
可参考配图：<PIC> Manual16_45。",local_systematic_v66,,,1,zh
144,locked,"""我想给健身追踪器设置锁屏，该如何实现？""","您好，可在手机上的健身追踪器应用中设置设备锁。进入设备卡片后打开设备锁功能，并按提示设置 4 位 PIN 码；之后在使用支付等敏感功能时，手表会要求输入 PIN。
可参考配图：<PIC> Manual16_45。",local_systematic_v66,,,1,zh
145,locked,"""使用冰箱冰柜时需要注意什么？只需告诉我手册中的前五条。""","您好，清洁、操作或更换冰箱冰柜内部灯泡时，请拔下电源插头。 1. 可能引发触电或伤害。 2. 更换冰箱冰柜内部灯泡时，确保灯座内的绝缘橡胶圈未被取下。
可参考配图：<PIC> Manual17_4。",local_systematic_v66,,,1,zh
146,locked,"""给冰箱连接电源时，需要做到哪些注意事项？只需告诉我手册中的前五条。""",您好，安装本冰箱冰柜前请参阅安装手册。 1. 切勿拉扯电源线拔下冰箱冰柜插头。务必握紧插头，直接从插座拔出。 2. 冰箱冰柜运行后，请勿触摸冷冻室低温表面，尤其是手部潮湿时。皮肤可能粘连在极冷表面。 3. 清洁冰箱冰柜前请拔下电源插头。切勿损坏、过度弯折、拉扯或扭曲电源线，电源线损坏可能引发火灾或触电。切勿将玻璃制品放入冷冻室，内部液体结冰可能导致破裂。 4. 请勿直接向冰箱冰柜内外喷水。有爆炸或火灾风险。 5. 请勿湿手插拔电源插头，以免触电。,local_systematic_v66,,,0,zh
153,locked,"""考虑到燃油高度易燃且有毒，使用发电机时我需要注意什么？""","加油时注意不要将燃油洒在发动机或消音器上。如不慎吞入燃油、吸入燃油蒸汽或燃油入眼，请立即就医。如燃油溅到皮肤或衣物上，请立即用肥皂水清洗并更换衣物。操作或运输发电机时，请务必保持机身直立。如发生倾斜，燃油可能从化油器或油箱泄漏。运输发电机时，请务必拧紧油箱盖通气旋钮
可参考配图：<PIC> generator_20、generator_21。",local_systematic_v66,,,1,zh
154,locked,"""发电机工作后，发动机和消音器可能会发烫，这种情况下我该如何保证自身安全？""","您好，发电机运行后发动机和消音器会发烫，请注意这些安全要求： 1. 将发电机放在行人和儿童不易接触的位置。 2. 不要在排气口附近放置易燃物，运行时发电机与建筑物或其他设备至少保持 1 米距离。 3. 发电机运行时不要覆盖防尘罩。 4. 搬运发电机时请使用提手，避免接触高温部位。
可参考配图：<PIC> generator_04、Manual18_8、Manual18_9。",local_systematic_v66,,,1,zh
155,locked,"""日常使用中，如何防止发电机触电事故的发生？""","您好，为防止发电机触电事故，请注意： 1. 不要在雨雪环境中运行发电机。 2. 不要用湿手触摸发电机，以免触电。 3. 发电机应正确接地；接地端子连接到埋入地下的接地棒。
可参考配图：<PIC> Manual18_12、Manual18_13、Manual18_14。",local_systematic_v66,,,1,zh
156,locked,"""需要通过发电机的燃油开关旋钮供油时，我该遵循哪些步骤？""","燃油高度易燃且有毒。请仔细阅读第4页“安全信息”。立即擦拭溢出的燃油。 1. 取下盖板①，松开化油器浮子室放油螺丝—，排空化油器内燃油。 2. 将燃油开关旋钮置于“关闭”位置，启动发动机直至自行停机，燃烧完化油器内剩余燃油。
可参考配图：<PIC> Manual18_19、Manual18_20。",local_systematic_v66,,,1,zh
157,locked,"""使用发电机时，燃油的使用前检查十分重要，该如何操作？""",您好，发电机使用前检查燃油时，请先确认油箱内燃油是否充足；如不足，请添加无铅汽油。加油时不要超过规定油位，避免燃油溢出；如有燃油洒出，应在启动前擦净并确认周围安全。,local_systematic_v66,,,0,zh
158,locked,"""启动发电机发动机的前两个步骤是什么？""","您好，启动发电机发动机的前几个步骤是： 1. 将油箱盖通气旋钮逆时针旋开一圈，打开油箱通气。 2. 将燃油开关旋钮置于 ON。
可参考配图：<PIC> Manual18_25、Manual18_26、Manual18_27。",local_systematic_v66,,,1,zh
159,locked,"""我需要给发电机连接交流电，该过程中如何保证自身安全？""","连接发电机前，务必确认所有电气设备（包括线路及插头连接）状态良好。插入插头前，务必关闭所有电气设备。务必确保总负载在发电机额定输出范围内。务必确保插座负载电流在插座额定电流范围内。 1. 将电源线在提手上缠绕2至3圈。 2. 启动发动机。 3. 插入交流插座。 4. 确认交流指示灯亮起。 ① 交流指示灯 5. 将经济控制开关置于“Ⅰ”（开启）位置，然后打开电气设备电源。 ① “Ⅰ”（开启）
可参考配图：<PIC> Manual18_33、Manual18_34。",local_systematic_v66,,,1,zh
160,locked,"""我注意到发电机上有两种不同的开关，请为我介绍一下。""","您好，发电机控制面板上需要重点区分发动机开关和经济控制开关： 1. 发动机开关控制点火系统：“开启”表示点火电路接通，可启动发动机；“停止”表示点火电路切断，发动机停机。 2. 经济控制开关置于开启档时，经济控制单元会根据外接负载调节发动机转速，可降低油耗并减少噪音。 3. 经济控制开关置于关闭档时，无论是否连接负载，发动机均以额定转速运行。 4. 使用压缩机、潜水泵等启动电流较大的设备时，说明书要求将经济控制开关置于关闭位置。
可参考配图：<PIC> Manual18_18、generator_06、generator_07。",local_systematic_v66,,,1,zh
161,locked,"""我该在哪里查找并记录发电机的标识信息？""","您好，发电机的标识信息主要包括产品识别码和机器序列号： 1. 请在说明书指定位置记录产品识别码和序列号，便于向发电机经销商订购零配件。 2. 这些识别码也建议另行妥善保管，以防机器被盗后用于核对。 3. 机器序列号通常位于机身标识位置，可参考说明书配图确认具体位置。
可参考配图：<PIC> Manual18_0、Manual18_1。",local_systematic_v66,,,1,zh
162,locked,"""使用发电机的直流保护器时，我需要注意什么？""","您好，当负载超过发电机额定输出时，直流保护器将自动断开
可参考配图：<PIC> generator_08。",local_systematic_v66,,,1,zh
163,locked,"""使用发电机前，对发动机机油进行使用前检查十分重要，正确的步骤是什么？""","您好，发电机使用前请检查发动机机油液位：将机器放在水平面上，取下机油加注口盖，确认机油达到上限位置；如不足，请添加推荐机油至上限后再启动。
可参考配图：<PIC> generator_17、generator_18。",local_systematic_v66,,,1,zh
164,locked,"""根据手册说明，启动发电机发动机的最后三个步骤是什么？""","您好，启动发电机发动机的最后步骤是： 1. 缓慢拉动反冲启动器至感觉啮合，再快速拉动启动发动机。 2. 发动机启动后进行暖机，直到把阻风门推回原位后发动机也不会熄火。 3. 最后将阻风门旋钮推回原位。
可参考配图：<PIC> Manual18_25、Manual18_26、Manual18_27。",local_systematic_v66,,,1,zh
165,locked,"""发电机的电池电量不足了，该如何正确充电？""",您好，发电机直流额定电压为12V。 1. 将充电线在提手上缠绕2至3圈，插入直流插座。,local_systematic_v66,,,0,zh
166,locked,"""我需要让发电机的发动机停机，告诉我该如何操作。""","您好，发电机发动机停机可按以下步骤操作： 1. 先断开所有用电设备。 2. 将发动机开关置于 STOP/停止位置。 3. 将燃油开关置于 OFF/关闭位置。 4. 最后拧紧油箱盖通气旋钮。
可参考配图：<PIC> generator_22、generator_23、generator_24。",local_systematic_v66,,,1,zh
167,locked,"""根据手册的建议，使用发电机时该如何检查火花塞？""","应定期拆卸并检查火花塞。 1. 取下盖板①。 2. 检查是否变色并清除积碳。 3. 检查火花塞型号及间隙。 ⊛ 间隙 4. 安装火花塞。 5. 安装盖板。
可参考配图：<PIC> Manual18_44、Manual18_45。",local_systematic_v66,,,1,zh
168,locked,"""为了正确更换发电机的发动机机油，我需要遵循的前六个步骤是什么？""","1. 将机器放置在水平面上，暖机数分钟，然后停机，将燃油开关旋钮置于“关闭”位置，顺时针拧紧油箱盖通气旋钮。 2. 取下盖板①。 3. 从发电机底部拆下放油接头①，打开机油加注口盖。 4. 将放油接头①安装到机油加注口。 5. 在发动机下方放置接油盘，倾斜发电机将机油完全排空。 6. 添加发动机机油至上限位置。 ① 上限 注：推荐发动机机油等级：API标准 SE级或SF级。
可参考配图：<PIC> Manual18_49、Manual18_50。",local_systematic_v66,,,1,zh
169,locked,"""我在操作发电机空气滤清器时出现了失误，请告诉我正确的步骤。""","1. 取下盖板①。 2. 松开固定空气滤清器盖⊛的卡箍○。 3. 取下空气滤清器盖及滤芯④。 4. 用溶剂清洗滤芯并晾干。 5. 给滤芯上油并挤出多余机油，滤芯应湿润但不滴油。 推荐机油：泡沫空气滤清器专用油或SAE 20号发动机油 注意 请勿拧绞滤芯，以免撕裂。 6. 将滤芯装入空气滤清器。 注：确保滤芯密封面与空气滤清器贴合，无漏气。
可参考配图：<PIC> Manual18_62、Manual18_63。",local_systematic_v66,,,1,zh
170,locked,"""如果发电机的发动机无法启动，我该怎么办？""","您好，如果发电机发动机无法启动，请先确认发动机开关在 ON 位置并拉动反冲启动器；如果机油警告灯闪烁，说明发动机机油不足，请添加机油后再重新启动。
可参考配图：<PIC> generator_05。",local_systematic_v66,,,1,zh
171,locked,"""我需要将发电机的燃油排空，该如何正确操作？""","燃油高度易燃且有毒。请仔细阅读第4页“安全信息”。立即擦拭溢出的燃油。 1. 取下盖板①，松开化油器浮子室放油螺丝—，排空化油器内燃油。 2. 将燃油开关旋钮置于“关闭”位置，启动发动机直至自行停机，燃烧完化油器内剩余燃油。
可参考配图：<PIC> Manual18_67、Manual18_68。",local_systematic_v66,,,1,zh
172,locked,"""使用该发电机为对电压敏感的精密设备供电前，我需要做什么？""",您好，务必确保总负载在发电机额定输出范围内，否则会损坏发电机。部分精密设备对电压敏感，可能需要比便携式发电机更稳定的电压供应，例如部分医疗设备、个人电脑及检测峰值电压和有效值电压的逆变器。使用便携式发电机为该类设备供电前，请咨询精密设备供应商,local_systematic_v66,,,0,zh
173,locked,"""在划船或钓鱼的场景中，拖曳速度、半滑航速度和滑航速度分别指什么，它们在技巧和应用上有何不同？""","您好，这三个速度状态可以这样理解： 1. 拖曳速度：低速直行或低速转向，用于熟悉操控、观察周围环境和做大范围 8 字路线练习。 2. 半滑航速度：速度比拖曳速度高，艇体开始抬升但尚未完全进入滑航状态，适合练习较平稳的大椭圆转向。 3. 滑航速度：艇体已进入较高速滑行状态，转向方式和低速时不同，转向角度受速度和喷射推力影响更明显，操作时应从平缓转向开始，逐步增加难度。
可参考配图：<PIC> Manual40_19。",local_systematic_v66,,,1,zh
174,locked,"""如何在深水中登上并平衡摩托艇，确保操作的安全性和稳定性？""","1. 游至艇尾，双手放在登艇平台上，单手抓住扶手。 2. 拉身体至平台跪姿，再移至座位跨坐。 3. 将熄火绳系在手腕上，将卡扣安装到熄火开关。 4. 双手紧握车把，双脚放入脚坑。 5. 反复练习登艇与平衡，直至整个过程中能保持良好平衡。
可参考配图：<PIC> Manual40_13、Manual40_14。",local_systematic_v66,,,1,zh
175,locked,"""在滑航速度下驾驶摩托艇转弯时，有哪些技巧能在急转弯时保证稳定性和操控性？""","您好，摩托艇转向需要车把和油门配合： 1. 转动车把会改变喷射推力喷嘴方向，艇体随喷射推力方向转向。 2. 转向速度和角度取决于喷射推力大小；油门越大，转向响应越明显。 3. 如果松开油门后再大幅转动车把，转向能力会迅速下降。 4. 需要避让或完成转弯时，应在观察周围安全后逐步重新施加油门，转向响应会恢复。
可参考配图：<PIC> Manual40_20、Manual40_22。",local_systematic_v66,,,1,zh
176,locked,"""驾驶摩托艇时，有哪些技巧能在完成大椭圆转弯、绕圈和8字行驶动作的同时，保持操控性和稳定性？""","您好，摩托艇转向需要车把和油门配合： 1. 转动车把会改变喷射推力喷嘴方向，艇体随喷射推力方向转向。 2. 转向速度和角度取决于喷射推力大小；油门越大，转向响应越明显。 3. 如果松开油门后再大幅转动车把，转向能力会迅速下降。 4. 需要避让或完成转弯时，应在观察周围安全后逐步重新施加油门，转向响应会恢复。
可参考配图：<PIC> Manual40_20、Manual40_22。",local_systematic_v66,,,1,zh
177,locked,"""在驾驶摩托艇进行中低速转弯时，如何控制油门并保持行驶的稳定性和操控性？""","您好，摩托艇转向需要车把和油门配合： 1. 转动车把会改变喷射推力喷嘴方向，艇体随喷射推力方向转向。 2. 转向速度和角度取决于喷射推力大小；油门越大，转向响应越明显。 3. 如果松开油门后再大幅转动车把，转向能力会迅速下降。 4. 需要避让或完成转弯时，应在观察周围安全后逐步重新施加油门，转向响应会恢复。
可参考配图：<PIC> Manual40_20、Manual40_22。",local_systematic_v66,,,1,zh
178,locked,"""如何驾驶摩托艇以拖曳速度直行和转弯，保证操作的平顺性和操控性？""","您好，摩托艇转向需要车把和油门配合： 1. 转动车把会改变喷射推力喷嘴方向，艇体随喷射推力方向转向。 2. 转向速度和角度取决于喷射推力大小；油门越大，转向响应越明显。 3. 如果松开油门后再大幅转动车把，转向能力会迅速下降。 4. 需要避让或完成转弯时，应在观察周围安全后逐步重新施加油门，转向响应会恢复。
可参考配图：<PIC> Manual40_20、Manual40_22。",local_systematic_v66,,,1,zh
179,locked,"""摩托艇全加速行驶时，如何安全平稳地将其停稳？""","您好，摩托艇没有独立制动系统，松开油门后会靠水阻继续滑行一段距离： 1. 全速行驶时松开油门或关闭发动机，完全停下大约需要 90 米（300 英尺）。 2. 使用 RiDE 手柄减速时，停车距离可比不使用时缩短约 30%，但仍会受载重、水面状况和风向影响。 3. 如果发现无法在障碍物前停下，不要只松油门，应观察周围后施加油门并转向避开障碍物。
可参考配图：<PIC> Manual40_21、Manual40_25。",local_systematic_v66,,,1,zh
180,locked,"""驾驶摩托艇时，如何避免发生碰撞事故，保障自身和水上其他人员的安全？""","您好，为避免摩托艇碰撞，请按说明书要求提前观察和操作： 1. 持续观察周围人员、物体和其他船只，保持安全速度和安全距离。 2. 不要紧跟其他摩托艇或船只后方，不要靠近他人并向其喷水或溅水。 3. 避开水下障碍物和浅水区域，避免急转弯等让他人难以判断方向的操作。 4. 需要避让时要提前采取动作；摩托艇转向需要油门，单纯松开油门会降低转向能力。
可参考配图：<PIC> Manual40_0。",local_systematic_v66,,,1,zh
181,locked,"""水泵发动机安全停机的正确步骤是什么？""","1. 将油门手柄完全向左推。 2. 将发动机开关置于“OFF”位置。 ①“OFF” 3. 将燃油开关手柄置于“OFF”位置。 ①“OFF”
Reference images: <PIC> Manual31_16, Manual31_17.",local_systematic_v66,,,1,zh
182,locked,"""水泵的核心部件有哪些？""","您好，水泵的核心部件包括：油箱、油箱盖、燃油开关、空气滤清器盖、火花塞、消音器、阻风门手柄、发动机开关、机油加注口盖、放油螺塞、反冲启动器、机油警告灯、油门手柄、注水螺塞和放水螺塞。
可参考配图：<PIC> pump_16、pump_17。",local_systematic_v66,,,1,zh
183,locked,"""清洗油箱滤网的详细步骤是什么？""","您好，
1. 拆下油箱盖及滤网。 ①油箱盖 ②油箱滤网 2. 用溶剂清洗滤网，损坏则更换。 3. 擦干滤网后装回。
可参考配图：<PIC> Manual31_32。",local_systematic_v66,,,1,zh
184,locked,"""水泵安全排放燃油的正确步骤是什么？""","1. 排空油箱、燃油开关及化油器浮子室。 ③化油器放油螺塞 2. 向油箱内倒入一杯SAE 10W30或20W40发动机机油。 3. 晃动油箱使内壁均匀附着机油。 4. 排出多余机油。
可参考配图：<PIC> Manual31_41。",local_systematic_v66,,,1,zh
185,locked,"""水泵无法抽水的潜在原因有哪些，该如何有效诊断并解决这些问题？""",您好，水泵无法抽水时，优先检查进水端密封和泵体密封： 1. 检查注水螺塞或放水螺塞是否松动，如松动请拧紧。 2. 检查软管接头或卡箍是否松动，如松动请重新固定并拧紧。 3. 检查 O 形圈或垫片是否损坏，如损坏请更换。 4. 如果怀疑机械密封损坏，说明书建议咨询经销商处理。 另外，使用前应确保软管安装牢固并安装滤网，否则可能进气导致无法抽水。,local_systematic_v66,,,0,zh
186,locked,"""如何为温控器设置日期和时间，以实现精准的日程和温度控制？""","您好，温控器日期、时间和日程可通过设置菜单调整： 1. 设置日期时，使用 + 或 - 调整年、月、日，每调整一项后按 Select 保存并进入下一项。 2. 设置时间时，先选择 12 小时或 24 小时格式，再用 + 或 - 设置小时和分钟，并按 Select 保存。 3. 调整程序日程时，进入 Menu > PROG，选择要修改的日期或日期组，再依次设置 Wake、Away、Home、Sleep 等时段的开始时间和制热/制冷温度，完成后返回主界面保存。
可参考配图：<PIC> Manual36_25、Manual36_26、Manual36_31。",local_systematic_v66,,,1,zh
187,locked,"""如何调整温控器的系统和风扇运行设置，以优化供暖和制冷效果？""","1. 显示PROG。按选择键。然后显示开启。按选择键 3 按+或-选择要编辑的日期或日期组。按选择键。 4 按+或-选择要编辑的日程时段（起床、离家、回家、睡眠）。按选择键。 5 显示开启。按选择键保持该时段开启。或按+然后按选择键关闭该时段。 6 时间开始闪烁。按+或-调整日程时段开始时间。按选择键。 7 温度开始闪烁。按+或-调整“供暖”设定温度。按选择键。按+或-调整“制冷”设定温度。按选择键。 2. 对剩余日程时段重复步骤4至7。 9 完成后按主页键保存程序设置并返回主界面。 快速安装指南
可参考配图：<PIC> thermostat_04、thermostat_05。",local_systematic_v66,,,1,zh
188,locked,"""如何调整温控器的程序日程，以实现高效的能源利用和温度控制？""","您好，温控器日期、时间和日程可通过设置菜单调整： 1. 设置日期时，使用 + 或 - 调整年、月、日，每调整一项后按 Select 保存并进入下一项。 2. 设置时间时，先选择 12 小时或 24 小时格式，再用 + 或 - 设置小时和分钟，并按 Select 保存。 3. 调整程序日程时，进入 Menu > PROG，选择要修改的日期或日期组，再依次设置 Wake、Away、Home、Sleep 等时段的开始时间和制热/制冷温度，完成后返回主界面保存。
可参考配图：<PIC> Manual36_25、Manual36_26、Manual36_31。",local_systematic_v66,,,1,zh
189,locked,"""如何在不影响已编程日程的情况下，临时更改温控器的温度设置？""","您好，温控器可临时或永久调整设定温度： 1. 临时覆盖：按 + 或 - 调到想要的温度后停止操作，该温度会保持到下一个计划时段开始。 2. 如需取消临时覆盖，再按 + 或 -，然后选择 Cancel。 3. 永久保持：按 + 或 - 调温，当临时保持温度闪烁时按 Hold/Mode，温控器会进入 permanent hold。 4. 取消永久保持时，同样按 + 或 -，再选择 Cancel。
可参考配图：<PIC> Manual36_32、Manual36_33。",local_systematic_v66,,,1,zh
190,locked,"""当设备或系统出现警报界面时，应采取哪些操作？""","1. 仅当VR连接至主机时，这些设置才可用。 2. 长按控制器上的按键弹出快捷菜单，也可配置部分设置。 3. 有关VR设置的更多信息，请参阅主机用户指南。在功能界面中选择（设置） > （用户指南）。
可参考配图：<PIC> Manual36_43、Manual36_44。",local_systematic_v66,,,1,zh
191,locked,"""针对热泵应如何修改接线，以确保连接正确且功能正常？""",您好，请勿将产品安装在温度可能低于 0℃的地方。 产品与其他家具边缘至少保持 1 厘米距离。 请将产品放置在坚硬的地面上， 请勿放置在长毛地毯或类似表面上。 请勿将产品放置在电源线上。 请选择便于快速、舒适取放餐具的位置。 请将产品安装在靠近水龙头和排水孔的地方。 选择安装位置时请考虑连接后不再移动。,local_systematic_v66,,,0,zh
192,locked,"""如何安全更换温控器的电池，确保更换后设备功能正常？""","您好，温控器需电池供电。电池低电量图标出现时请立即更换新电池。该图标会在电池耗尽前约两个月显示。 即使未出现电池低电量图标，也应每年更换一次电池，或离家超过一个月前更换。 若两分钟内完成电池更换，无需重新设置时间和日期。所有其他设置将永久存储在内存中，无需电池供电。 注：更换电池时建议使用碱性电池。
可参考配图：<PIC> Manual36_40。",local_systematic_v66,,,1,zh
193,locked,"""当标签与端子不匹配时，应如何正确为温控器重新接线，确保连接无误？""","1. 整理并将电线穿过UWP底座 打开UWP底座，将成束电线从底座背面穿过。确保每根电线至少露出1/4英寸，便于插入电线端子。 2. 安装墙塞。 建议使用包装盒内提供的墙塞安装温控器。 您可使用UWP底座标记墙塞安装位置。 a) 校准墙座水平 b) 用铅笔标记墙塞位置。 c) 钻孔。 d) 插入墙塞 e) 确保墙塞与墙面齐平。 提示：使用7/32英寸钻头 3. 设置R开关位置并插入R线。 根据步骤7的接线记录上下拨动R开关 将电线插入UWP底座端子的内孔。电线插入后卡舌会保持下压状态。 若仅有1根R线（R、Rh或Rc） 4. 将R开关拨至向上位置。 5. 将R线（R、Rh或Rc）插入R端子。
Reference images: <PIC> Manual36_14, Manual36_15.",local_systematic_v66,,,1,zh
194,locked,"""遇到温控器故障时，可采用哪些故障排除解决方案？""","确认系统已关闭 调节旧温控器温度。若5分钟内未听到系统启动，则电源已关闭。 拆卸旧温控器面板。 大多数温控器可握住面板轻轻拉下即可拆卸。部分温控器可能配有螺丝、按钮或卡扣。 此时请勿拆卸温控器上的任何电线！；可编程温控器：honeywell 快速安装指南 包装盒内物品 所需工具；19 故障排除：19 自诊断功能 19 报修前检查
可参考配图：<PIC> Manual36_5、Manual36_6。",local_systematic_v66,,,1,zh
195,locked,"""设备或系统中构成处理器单元的关键组件或部件有哪些？""","您好，处理器单元的关键部件分为正面和背面： 1. 正面包括状态指示灯、AUX 端口和 HDMI 输出端口；状态指示灯白色表示已开机，红色表示待机模式。 2. 背面包括 HDMI 电视端口、HDMI PS4 端口、USB 端口、DC IN 12V 接口和通风口。
可参考配图：<PIC> Manual38_1、Manual38_2。",local_systematic_v66,,,1,zh
196,locked,"""耳机有哪些类型，以及如何更换耳塞？""","您好，更换耳塞 立体声耳机出厂时已安装M号耳塞。可更换为S号或L号耳塞以获得更贴合的佩戴效果。取下时，旋转耳塞后将其拔下即可。 请牢固安装耳塞，防止使用过程中意外脱落。
可参考配图：<PIC> Manual38_4。",local_systematic_v66,,,1,zh
197,locked,"""为保持遮光罩的清晰度和功能性，正确的清洁步骤是什么？""",您好，清洁时请务必遵守以下说明。 1. 出于安全考虑，清洁前请拔下电源线并断开其他所有线缆。 2. 请勿使用溶剂或其他化学药剂清洁产品外壳。 3. 请勿使用经化学处理的清洁布擦拭产品。,local_systematic_v66,,,0,zh
198,locked,"""为确保安全且最佳的使用效果，游玩区域的推荐尺寸是多少？""","您好，装配前 选择放置和使用机器的区域。为安全运行，场地必须坚固、水平。运动区域最小预留空间：2.3
可参考配图：<PIC> Manual14_3。",local_systematic_v66,,,1,zh
199,locked,"""使用和操作VR头显时应采取哪些安全预防措施，以确保用户安全和设备使用寿命？""","您好，
1. 连接前，检查接口是否无灰尘及细小杂物。 2. 请勿抓着线缆甩动VR头显或电源适配器。 3. 待头显上的追踪灯熄灭后，再取下VR头显或拔下头显连接线。灯光亮起时取下或拔线可能导致设备故障。 4. 请勿在产品上放置物品、投掷或摔落产品，或使其遭受强烈物理撞击。 5. 请将本产品放置在幼儿接触不到的地方。幼儿可能吞咽细小零件、拉扯线缆导致处理器单元或VR头显坠落，或将线缆缠绕在身上，可能造成人身伤害、意外或设备故障。 6. 雷雨天气时，请勿触碰电源线、电源适配器或处理器单元。",local_systematic_v66,,,0,zh
200,locked,"""功能键盘的保修政策通常包含哪些内容，又不包含哪些内容？""",您好，功能键盘的保修政策通常包括以下内容： 1. 保修期内如产品存在符合保修条件的故障，可按库存情况维修或更换为全新或翻新、功能相近且价值相等或更高的产品。 2. 申请经销商保修服务时，需要提供购买凭证，例如商店收据或发票。 3. 若通过官网申请退货/换货，通常需要获得授权 RMA 编号，并按规定时间和流程退回。 4. 未经许可改装产品或序列号/保修标签、非制造缺陷、意外损坏、滥用误用、进水、雷击、未按说明书操作、安装不当、非授权维修、运输损坏和正常磨损等情况通常不在保修范围内。,local_systematic_v66,,,0,zh
201,locked,"""功能键盘的保修政策中，损害赔偿的除外责任或免责声明通常是什么？""",您好，给您带来不好的体验非常抱歉。请保留订单号、问题经过、聊天记录、页面截图、照片或视频等凭证。客服核实后会升级处理：如果是商品描述不符、功能不符或颜色偏差明显，可协助申请退换货、退款或补偿；如果是配送服务问题，会同步反馈物流投诉并跟进处理结果。,local_systematic_v66,,,0,zh
202,locked,"""如何设置功能键盘？""","您好，功能键盘的基础设置可以按以下步骤完成： 1. 用 USB-C 线连接键盘背面的接口，另一端连接电脑上可用的 USB 2.0 或更高速接口。 2. 如使用全尺寸或无小键盘版本，可将腕托安装到键盘正面；腕托采用磁吸设计，会自动吸附并居中。 3. 如果需要更高的打字倾斜角度，可展开键盘底部的可调节支撑脚，按需要选择中档或高档角度。 4. 如需设置灯光、宏命令或配置文件，可通过 CAM 软件设置并保存到键盘的板载配置文件中；保存后，无需运行 CAM 也可以使用已存储的配置。
可参考配图：<PIC> Manual21_2、function_keyboard_01、function_keyboard_02。",local_systematic_v66,,,1,zh
203,locked,"""如何拆卸和重新安装功能键盘的轴体？""","您好，功能键盘轴体的拆卸和重新安装步骤如下： 1. 拆卸时，使用附赠的拔轴器从顶部夹住轴体，并让工具两端沿轴体前后方向放置。 2. 轴体由两个卡扣固定在定位板上，按下卡扣后即可向上取出轴体；不要从轴体下方撬动，以免刮擦上盖面板。 3. 重新安装前，先确认轴体的金属针脚笔直，没有弯曲或折向轴底外壳。 4. 将两个金属针脚对准键盘轴座插孔后，垂直向下用力压入插槽。 5. 正确插入后，轴体外壳两侧应紧贴键盘上盖面板。
可参考配图：<PIC> Manual21_14、Manual21_15。",local_systematic_v66,,,1,zh
204,locked,"""如何将功能键盘搭配CAM软件使用？""",B. 设置CAM配置文件并存储至键盘 本功能键盘自带四个板载配置文件，可通过CAM软件设置并保存。配置信息保存后，无需运行CAM即可使用已存储的灯光、宏命令等功能。,local_systematic_v66,,,0,zh
205,locked,"""如何在硬件模式下使用功能键盘？""","您好，
1. 关于功能键盘 本功能键盘专为打造PC电竞桌面核心而设计。全键位热插拔机械轴体与100%标准底行设计，支持全面自定义与个性化设置。
可参考配图：<PIC> Manual21_2。",local_systematic_v66,,,1,zh
206,locked,"""如何安装儿童电动摩托车的挡泥板？""","1. 安装挡泥板。 · 按照步骤1所示，将挡泥板侧转，然后向上滑入左侧把手管。注意！请勿让“凸点”卡入1号孔。 · 按照步骤2所示，安装挡泥板，使“凸点”卡入2号孔。
可参考配图：<PIC> rideon_motorcycle_01、rideon_motorcycle_02。",local_systematic_v66,,,1,zh
207,locked,"""如何安装儿童电动摩托车的前轮？""","您好，儿童电动摩托车前轮安装可以按以下步骤操作： 1. 将前轴依次穿过两侧把手管和前轮，并确认两侧把手管内外都安装了垫片。 2. 用两个螺母将前轴和前轮固定在把手管上。 3. 使用随产品提供的扳手拧紧螺母，直到拧到螺纹尽头。 4. 组装完成后检查前轮与把手管之间的间隙：如果间隙过大、车轮不稳，可在车轮与把手管之间增加垫片；如果车轮卡死，则减少一片垫片。 5. 最后确认前轮能够自由转动后再继续后续安装。
可参考配图：<PIC> Manual26_6、Manual26_7。",local_systematic_v66,,,1,zh
208,locked,"""如何为蓝牙激光鼠标安装电池？""","您好，蓝牙激光鼠标安装电池时： 1. 按下鼠标上的按钮，弹出电池仓盖。 2. 按鼠标内部标注的正负极方向，装入两节 AA 电池。 3. 装回电池仓盖，并确认盖子扣好。
可参考配图：<PIC> Manual27_1、Manual27_2、Manual27_3。",local_systematic_v66,,,1,zh
209,locked,"""如何为蓝牙激光鼠标安装WIDCOMM蓝牙驱动程序？""","您好，安装 WIDCOMM 蓝牙驱动程序前，请先将 USB 蓝牙接收器插入电脑 USB 接口；放入安装光盘，若未自动加载则双击 bin 文件夹内的 Setup.exe；按向导点击“下一步”，接受许可协议，选择安装路径后点击“安装”；安装完成后拔下接收器再重新插入，鼠标会自动配对，最后按提示重启电脑。
可参考配图：<PIC> Manual27_4、Manual27_5。",local_systematic_v66,,,1,zh
210,locked,"""如何为蓝牙激光鼠标卸载WIDCOMM蓝牙驱动程序？""",您好，卸载 WIDCOMM 蓝牙驱动程序时：1. 先拔下 USB 蓝牙接收器。2. 点击 开始 > 设置 > 控制面板 > 添加或删除程序。3. 在程序列表中选择 WIDCOMM 蓝牙软件并点击“删除”。4. 等待卸载完成后，按提示选择立即或稍后重启电脑。,local_systematic_v66,,,0,zh
211,locked,"""如何在Windows系统中为蓝牙激光鼠标设置快速配对？""","您好，使用 WIDCOMM 蓝牙驱动程序配对鼠标前，请先安装驱动程序。然后按下 USB 蓝牙接收器按钮，直到出现 HID（人机接口设备）界面；鼠标连接成功后，会出现确认信息，点击确认连接正确的鼠标即可。
可参考配图：<PIC> Manual27_12、Manual27_13。",local_systematic_v66,,,1,zh
212,locked,"""如何通过WIDCOMM蓝牙驱动程序为蓝牙激光鼠标设置配对？""","您好，使用 WIDCOMM 蓝牙驱动程序配对鼠标前，请先安装驱动程序。然后按下 USB 蓝牙接收器按钮，直到出现 HID（人机接口设备）界面；鼠标连接成功后，会出现确认信息，点击确认连接正确的鼠标即可。
可参考配图：<PIC> Manual27_12、Manual27_13。",local_systematic_v66,,,1,zh
213,locked,"""如何查看蓝牙激光鼠标的电量状态？""","您好，蓝牙激光鼠标可通过 LED 判断电池状态：当 LED 显示琥珀色时，表示电量低，需要尽快更换电池。 如需查看更多电池状态信息，也可以在电脑的 Control Panel > Mouse > Bluetooth 中查看。
可参考配图：<PIC> Manual27_14、Manual27_15。",local_systematic_v66,,,1,zh
214,locked,"""如何首次为蓝牙激光鼠标使用该驱动程序？""","您好，首次使用 WIDCOMM 蓝牙驱动程序时，请双击系统托盘中的蓝牙图标，启动蓝牙初始配置向导；按屏幕提示完成配置后，会出现 HID 界面并开始搜索蓝牙设备，选择要连接的 HID 设备并按提示启用即可。
可参考配图：<PIC> Manual27_16、Manual27_17。",local_systematic_v66,,,1,zh
215,locked,"""如何将蓝牙激光鼠标与其他人机接口设备相连接？""","您好，连接其他 HID 蓝牙设备时，请先确认 USB 蓝牙接收器已插入电脑： 1. 将要连接的蓝牙设备设置为可被发现/discoverable 状态。 2. 按下 USB 蓝牙接收器按钮，进入 HID 设备连接界面。 3. 在下拉列表中选择设备类型。 4. 选择检测到的设备并启用连接。
可参考配图：<PIC> Manual27_18。",local_systematic_v66,,,1,zh
216,locked,"""如何拆卸烤箱门？""","拆卸门体： 1. 完全打开烤箱门。 2. 抬起卡扣并向前推至极限位置（图1）。 3. 将烤箱门关至最大角度（A），向上抬起（B）并转动（C）直至脱开（D）（图2）。
可参考配图：<PIC> oven_01、oven_02。",local_systematic_v66,,,1,zh
217,locked,"""如何安装烤箱门？""","拆卸门体： 1. 完全打开烤箱门。 2. 抬起卡扣并向前推至极限位置（图1）。 3. 将烤箱门关至最大角度（A），向上抬起（B）并转动（C）直至脱开（D）（图2）。
可参考配图：<PIC> oven_01、oven_02。",local_systematic_v66,,,1,zh
218,locked,"""如何移动烤箱的顶部加热元件（仅限部分型号）？""","移动顶部加热元件（仅限部分型号）1. 取下侧边配件支架格栅（图3）。 1. 轻轻拉出加热元件（图4） 并向下放下（图5）。 2. 复位时，抬起加热元件并轻轻向自身方向拉动，确保其支撑在侧支架上。
可参考配图：<PIC> oven_03、oven_04。",local_systematic_v66,,,1,zh
219,locked,"""如何更换烤箱的后部灯（如有）？""","更换后部灯（如有）： 1. 断开烤箱电源。 2. 拧下灯罩（图6）， 更换灯泡（参见灯泡型号说明），再拧回灯罩（图7）。 3. 重新接通烤箱电源。
可参考配图：<PIC> oven_06、oven_07。",local_systematic_v66,,,1,zh
220,locked,"""如何使用烤箱的接油盘？""","您好，烤箱接油盘用于收集烹饪时滴落的油脂和碎屑。烤肉、鸡肉或鱼类时，可把接油盘放在烤架下方；说明书还建议向接油盘中加入少量水，以减少油脂飞溅和烟雾。
可参考配图：<PIC> oven_08。",local_systematic_v66,,,1,zh
221,locked,"""如何清洁烤箱外部？""",您好，清洁烤箱外部时，请用湿布擦拭表面；如污渍较重，可在水中加入几滴清洁剂。清洁后再用干布擦干，不要使用会损伤表面的研磨性工具或强腐蚀清洁剂。,local_systematic_v66,,,0,zh
222,locked,"""如何使用烤箱的烤架？""","您好，烤箱烤架可用于烧烤食物，也可作为支架承托锅具、蛋糕模等容器；使用时可根据食物和烹饪方式放在合适层位。
可参考配图：<PIC> oven_10。",local_systematic_v66,,,1,zh
223,locked,"""烤箱的催化侧面板有什么作用？""","您好，烤箱的催化侧面板带有特殊微孔搪瓷涂层，可吸附烹饪时飞溅的油脂。烹饪油脂较多的食物后，建议执行自动清洁程序：让烤箱空载，开启热风循环功能并设为约 200℃ 运行约 1 小时，待冷却后再用海绵清除残留。注意不要使用腐蚀性或研磨性清洁剂、粗刷、百洁布或烤箱喷雾，以免损坏催化表面。
可参考配图：<PIC> oven_11、oven_12。",local_systematic_v66,,,1,zh
224,locked,"""如何使用烤箱的烤盘？""","您好，烤盘适合烘烤饼干、蛋糕、披萨等食物。使用时将食物放在烤盘上，再把烤盘放入烤箱对应层位即可。
可参考配图：<PIC> oven_09。",local_systematic_v66,,,1,zh
225,locked,"""如何使用烤箱的烤架烤盘套装？""","您好，烤架烤盘套装由烤架和搪瓷容器组成，使用时把食物放在烤架上，再把烤架放在搪瓷容器中，然后整体放到烤箱的 wire shelf 上，并配合烧烤功能使用。
可参考配图：<PIC> oven_12。",local_systematic_v66,,,1,zh
226,locked,"""如何使用烤箱的油脂过滤器？""",您好，油脂过滤器用于热风循环烹饪时减少油脂进入风扇区域。安装时将其挂在烤箱后壁、风扇前方；清洁时可取下清洗。,local_systematic_v66,,,0,zh
227,locked,"""如何使用烤箱的滑动搁架？""",您好，滑动搁架用于更方便地拉出和放回烤箱内的托盘或烤架。使用时把食物或容器放在滑动搁架上，拉出检查或取放时更稳定。,local_systematic_v66,,,0,zh
228,locked,"""如何为混合即时相机安装肩带？""","您好，将肩带卡扣安装到相机上，然后安装肩带
可参考配图：<PIC> Manual29_12。",local_systematic_v66,,,1,zh
229,locked,"""如何为混合即时相机装入电池？""","1. 使用符合以下额定输出的交流电源适配器：直流5.0伏/1000毫安 2. 充电过程中可以拍摄或打印图像。 3. 充电时间约为三到四小时。
可参考配图：<PIC> Manual29_13、Manual29_14。",local_systematic_v66,,,1,zh
230,locked,"""如何为混合即时相机装入相纸盒？""","按住相仓锁按钮（1），然后将拨杆向右滑动（$\boxdot$），直至相仓略微打开。 握住相纸盒两侧，将相纸盒底部对准相仓凹槽（$\boxdot$），然后平直插入（2）。 关闭后盖。 确保后盖锁咔哒到位。 关闭后盖时，黑色相纸保护盖会自动弹出。 从相纸出口取出相纸保护盖。
Reference images: <PIC> Manual29_26, Manual29_27.",local_systematic_v66,,,1,zh
231,locked,"""如何为混合即时相机取出用完的相纸盒？""","取出用完的相纸盒 相纸用完时，拍摄画面右侧的所有点会以灰色显示。（第52页） 取出相纸盒。 按住相仓锁按钮（1），然后将拨杆向右滑动（$\boxdot$），直至相仓略微打开。 握住相纸盒上的矩形孔，然后平直拉出。 有两种打印模式。
可参考配图：<PIC> Manual29_28、Manual29_29。",local_systematic_v66,,,1,zh
232,locked,"""如何设置混合即时相机的自动打印模式？""","您好，设置混合即时相机的自动打印模式时，请将侧面的打印模式选择器切换到 “AUTO”。 切换后，拍摄画面上会出现自动打印图标；之后图像保存后会立即开始打印。 如果选择手动打印模式，图像会先保存到内存中，您可以稍后再选择打印。
可参考配图：<PIC> Manual29_30、Manual29_31、Manual29_32。",local_systematic_v66,,,1,zh
233,locked,"""如何设置混合即时相机的手动打印模式（初始设置）？""",您好，选择自动打印模式时，图像保存后立即开始打印。选择手动打印模式时，图像保存到内存中，您可稍后选择并打印。 1. 自动打印模式 2. 手动打印模式（默认设置）,local_systematic_v66,,,0,zh
234,locked,"""如何使用混合即时相机拍摄照片？""",您好，打印其他相机拍摄的图像 插入包含图像的存储卡可打印其他相机拍摄的图像。但需满足以下条件。 1. 将要打印的图像复制到根目录，而非文件夹中。 2. 文件名由四个大写字母（A-Z）加四个数字组成。,local_systematic_v66,,,0,zh
241,locked,"""If this is the first time to use airfryer, What should I do before first use?""","Before first use of the air fryer, remove all packing materials, stickers, or protective film. Take out the basket/pan and removable parts, wash them with warm water and mild detergent, then dry them thoroughly. Wipe the inside and outside of the appliance with a damp cloth, make sure no packaging remains inside, then place it on a stable, heat-resistant, well-ventilated surface before cooking. For first-use preparation, you do not need the Wi-Fi, app, or NutriU pairing procedure.",local_systematic_v66,,,0,en
242,locked,"""How to find the approval label of emission control certificate of the boat?""","The emission control certificate approval label is attached to each engine unit and also inside the engine compartment. Open the engine compartment and check the emission control information label to find it.
Reference images: <PIC> Manual09_6, Manual09_7.",local_systematic_v66,,,1,en
243,locked,"""How do I use the battery conversion feature before sailing?""","Before sailing, check the boat's battery switch assembly: 1. The boat uses two marine batteries: the start battery for engine starting and the house battery for accessories such as lights, bilge pumps, blower, and audio equipment. 2. The battery switch assembly has START, HOUSE, and EMERG PARALLEL switches. 3. For normal use, keep START and HOUSE in the ON position and keep EMERG PARALLEL in the OFF position. 4. If the start battery is discharged, turn EMERG PARALLEL to ON to start the engine, then turn it back to OFF after the engine starts or the start battery is charged.
Reference images: <PIC> Manual09_42, Manual09_43.",local_systematic_v66,,,1,en
244,locked,"""How the ship steers?""","The boat turns by using the steering wheel together with jet thrust. Turning the steering wheel changes the jet thrust nozzle angle, and the boat turns in that direction. Turning response depends on jet thrust and steering wheel position, so do not pull the remote control levers back to idle/neutral when trying to avoid an obstacle.
Reference images: <PIC> Manual09_25.",local_systematic_v66,,,1,en
245,locked,"""What should I do if face over temperature warning on the boat?""","If the boat shows an Over Temperature warning, reduce engine speed immediately and return to shore or another safe location. The display warning and buzzer indicate that the engine is overheating, and engine speed may be limited to help prevent damage. Check whether cooling water is coming from the cooling water pilot outlet, especially when applying throttle. If no water comes out, do not continue high-speed operation.
Reference images: <PIC> Manual09_95.",local_systematic_v66,,,1,en
246,locked,"""If I want to listen to music on my phone, how do I turn on the sound system?""","1. Jet thrust nozzle 2 Articulating keel Remote control lever checks WARNING Do not touch the shift gates while the remote control levers are being operated, otherwise, you could be pinche d. Operate the remote control levers several times to make sure that operation is smooth throughout the whole rang e. 2. Neutral position 2 TDE position 3 Forward position 4 Reverse position 5 Shift 6 Fully closed 7 Throttle 8 Fully open Check that the shift gates are slightly above the shift gate neutral position when the remote control levers are in the forward position, and that the shift gates are in the fully open position when the remote control levers are moved farther forwar d.
Reference images: <PIC> Manual09_207, Manual09_208.",local_systematic_v66,,,1,en
247,locked,"""How do I use the storage compartments if I want to store wet items while on board?""",the following convenient on-board storage compartments. Make sure that the storage compartments are securely closed before getting underway.,local_systematic_v66,,,0,en
248,locked,"""How to open the battery compartment when manipulating the boat?""","To open the boat battery compartment, release the latch on the compartment lid at the port side of the stern, then open the lid. To close it, close the lid and secure the latch back onto the deck.
Reference images: <PIC> Manual09_280.",local_systematic_v66,,,1,en
249,locked,"""How to install an anchor light while the boat is moving?""","To set up the anchor light, open the lockable storage compartment and remove the anchor light. Separate stoppers A and B, extend the pole, screw stopper A to the middle of the pole, open the anchor light socket cap, align the projection with the socket slot, insert the light, and install stopper B.
Reference images: <PIC> Manual09_223, Manual09_224, Manual09_225.",local_systematic_v66,,,1,en
250,locked,"""How do I use the jet wash function to clean the boat after using it?""","(1) Connect the coil hose to the hose fitting. 1. Coil hose 2 Hose fitting (2) Start the engines. (See page 2. )(3) Push the jet wash switch. 3. Jet wash switch
Reference images: <PIC> Manual09_173, Manual09_174.",local_systematic_v66,,,1,en
251,locked,"""How do I turn on or off the water supply button on my boat?""","To turn the jet wash water supply on or off, stop the engines, open the rear platform hatch, remove the inspection cover, and rotate the shut-off valve 90 degrees clockwise to open the supply. Turn it back to close the supply.
Reference images: <PIC> Manual09_25.",local_systematic_v66,,,1,en
252,locked,"""How to remove the bimini top of the boat?""","To remove the bimini top, fold and secure the top, remove the main pole mounting pins, and lift the bimini top from its mounting points. Keep the pins and parts for reinstallation.
Reference images: <PIC> Manual09_182, Manual09_183, Manual09_184.",local_systematic_v66,,,1,en
253,locked,"""How do I install a bimini top on my boat if I want to use the canopy?""","To install or set up the bimini top, attach the main poles to the brackets and secure them with the lock pins, unfold the top, attach the support poles to their brackets, and confirm all pins and poles are securely locked.
Reference images: <PIC> Manual09_185, Manual09_186, Manual09_187.",local_systematic_v66,,,1,en
254,locked,"""How to store the bimini top in the upright position of the boat?""","To store the bimini top in the upright position, do not trailer the boat with the top fully extended or upright. Remove the lock pins, push the center poles down, pull the bimini top toward the bow, and install the storage cover. For trailering, put the bimini top in the fully collapsed position to avoid damage.
Reference images: <PIC> Manual09_191, Manual09_192.",local_systematic_v66,,,1,en
255,locked,"""When I am sailing, how do I check the engine oil level to ensure continued sailing?""","To check the boat engine oil level, keep the boat level on land or in the water, start the engine and idle it for at least 6 minutes, then stop the engine and open the engine hood. Remove and wipe the oil tank filler cap/dipstick, screw it fully back in, then remove it again and check that the level is between the minimum and maximum marks. Add oil slowly if needed.
Reference images: <PIC> Manual09_197, Manual09_198.",local_systematic_v66,,,1,en
256,locked,"""How can I use the bilge pump of the boat?""","The bilge pump drains water collected in the bilge area. Turn on the bilge pump switch to operate it. The pump can also automatically detect excessive bilge water and discharge most of it through the bilge pump outlet; the bilge pump indicator light comes on while it is operating.
Reference images: <PIC> Manual09_201, Manual09_202.",local_systematic_v66,,,1,en
257,locked,"""How to perform anchor light switch check while sailing?""","1. around” light for navigation at night or in low 2. visibility condition 3. Open the lockable storage compartmen t. (See page 4. ) 1 Lockable storage compartment ( 5. Remove the anchor light from the anchor light holde r. 6. Anchor light holder 2 Anchor light (
Reference images: <PIC> Manual09_161, Manual09_162.",local_systematic_v66,,,1,en
258,locked,"""When I want to start the boat, how do I turn on the boat's engine to get the machine started?""","To start the boat engines: 1. Check the hull drain plug and make sure it is tightened securely before launching. 2. Turn the battery switch to the ON position. 3. Push the blower switch and ventilate the engine compartment for at least 4 minutes. 4. Attach the engine shut-off cord to your PFD and install the clip on the engine shut-off switch. 5. Put the remote control levers in neutral. 6. Turn the main switch keys to the start position and release them when the engines start. If they do not start within 5 seconds, release the keys and wait at least 15 seconds before trying again.
Reference images: <PIC> Manual09_234, Manual09_235, Manual09_236.",local_systematic_v66,,,1,en
259,locked,"""How do I turn a boat while sailing?""","The boat turns by using the steering wheel together with jet thrust. Turning the steering wheel changes the jet thrust nozzle angle, and the boat turns in that direction. Turning response depends on jet thrust and steering wheel position, so do not pull the remote control levers back to idle/neutral when trying to avoid an obstacle.
Reference images: <PIC> Manual09_25.",local_systematic_v66,,,1,en
260,locked,"""How to operate the boat cross wakes and swells?""","When crossing wakes and swells, adjust your speed and crossing angle before reaching them. Slowing down and crossing at a quartering angle usually reduces the jolt. Be prepared to correct direction and balance, especially with sharp or repeated wakes.
Reference images: <PIC> Manual09_249.",local_systematic_v66,,,1,en
261,locked,"""How do I load the boat when the cruise is over?""","When loading the boat, keep weight low and distribute it evenly from side to side and bow to stern. Remove unnecessary cargo and do not exceed the maximum load.",local_systematic_v66,,,0,en
262,locked,"""How to flush the cooling system of the boat?""","To flush the cooling system, connect the garden hose adapter to a hose, remove the flush hose connector cap, attach the adapter to the flush hose connector, start the engine, then immediately turn on the water supply. Confirm water flows from the jet thrust nozzle and cooling water pilot outlet, run at fast idle for 3 to 5 minutes, then turn off the water, drain remaining water, and stop the engine.
Reference images: <PIC> Manual09_173, Manual09_174, Manual09_179.",local_systematic_v66,,,1,en
263,locked,"""How to replace the fuse of the boat?""","To replace a boat fuse: 1. Remove the fuse box cover and identify the blown fuse. 2. Use the fuse puller to remove the blown fuse, then replace it with a spare fuse of the same/correct amperage. 3. For the accessory fuse or bilge pump fuse, remove the fuse holder first; these fuses are accessed by opening the battery compartment. 4. Reinstall the fuse box cover. Do not use a fuse with a higher amperage than recommended. Fuse ratings include: electronic throttle valve 10 A, fuel pump 10 A, main relay drive 10 A, main fuse 20 A, battery fuse 30 A, accessory fuse 20 A, and bilge pump fuse 3 A.
Reference images: <PIC> Manual09_282, Manual09_283, Manual09_281.",local_systematic_v66,,,1,en
264,locked,"""How to check the engine oil level of the boat?""","To check the boat engine oil level, keep the boat level on land or in the water, start the engine and idle it for at least 6 minutes, then stop the engine and open the engine hood. Remove and wipe the oil tank filler cap/dipstick, screw it fully back in, then remove it again and check that the level is between the minimum and maximum marks. Add oil slowly if needed.
Reference images: <PIC> Manual09_197, Manual09_198.",local_systematic_v66,,,1,en
265,locked,"""How to use the energy saving mode of a coffee machine?""","The coffee machine has an energy-saving Power Off mode. It automatically enters power-off mode after about 9 minutes. To turn it on again, press the Espresso or Lungo button. To turn it off before automatic power-off, press both the Espresso and Lungo buttons.
Reference images: <PIC> Manual07_4, Manual07_5.",local_systematic_v66,,,1,en
266,locked,"""How to change the default setting of the energy saving mode?""","1. Select "" Restorable "" to restore your system to factory default settings. Please make sure to back up all the data in the device before doing s o. 2. To select the ""Key Lock Time "" , it will be display “10Secords ”, “ 30Secords ”, “ 5 Minutes ”, “10 Minutes ”, “ No Locking ”; To select the time or “ No Locking ” and click "" M "" button to change the key locking tim e. Language Settings: This device provides several On Screen languages: English, Chinese, Deutsch, Portugues, French, Spanish , and other language s. Please on system setting menu select “language” then select desire language and press “M” key to confir m.
Reference images: <PIC> eReader_02.",local_systematic_v66,,,1,en
267,locked,"""How to program the water valume of a coffee machine?""","To program the coffee machine water volume, turn the machine on and wait until it is in ready mode with steady lights. Fill the water tank with potable water, insert a capsule, and place a cup under the coffee outlet. Press and hold the Espresso or Lungo button, then release the button once the desired volume has been served. The water volume level is then stored.
Reference images: <PIC> Manual07_24, Manual07_25, Manual07_26.",local_systematic_v66,,,1,en
268,locked,"""How should I do if I want to empty the system before not in use, for frost protection or before maintenance?""","n. s. S. S. 1. Do not wear the seat belt when the roll bar is dow 2. Lower the roll bar only when absolutely necessary; raise it as soon as clearance permit 3. In the event of a rollover, take the machine to an Authorized Service Dealer to inspect the ROP 4. Use only approved accessories and attachments for the ROP",local_systematic_v66,,,0,en
269,locked,"""How should I do if I want to reset to factory settings of the coffee machine?""","RESET TO FACTORY SETTINGS 1. With machine being turned of, press and hold down the Lungo button for 5 seconds. 2. LeDS will blink fast 3 times to confrm machine has been reset to factory settings. 3. LEDs will then continue to blink normally, as heating up, until ready. Steady lights: machine ready
Reference images: <PIC> Manual07_33, Manual07_34.",local_systematic_v66,,,1,en
270,locked,"""How should I clean my coffee maker after I use it so that it can last longer?""","To keep the coffee maker in good condition after use, lift and close the lever to eject the used capsule into the used-capsule container. Empty and clean the used-capsule container and drip tray, and clean the coffee outlet regularly with a soft damp cloth. Before cleaning, unplug the machine and let it cool; do not immerse it in water, use strong cleaners, sharp objects, brushes, abrasives, or place it in a dishwasher.
Reference images: <PIC> Manual07_22, Manual07_23, Manual07_47.",local_systematic_v66,,,1,en
271,locked,"""How to open the swim platform of the boat\uff1f""","The manual describes opening the wet storage compartment under the swim platform: 1. Locate the wet storage compartment under the swim platform. 2. Pull the lock handle upward. 3. Turn the lock handle clockwise and open the rear platform hatch. 4. To close it, close the hatch, turn the lock handle counterclockwise, confirm the hatch is secure, and push the lock handle down.
Reference images: <PIC> Manual09_211, Manual09_212.",local_systematic_v66,,,1,en
272,locked,"""How to open the livewell and add water on the boat?""","To use the livewell, pull the latch to open the livewell lid, press the livewell switch to run the livewell pump and supply water, then press the switch again when enough water has entered. Use the aerator switch when you need aeration or water circulation.
Reference images: <PIC> Manual09_153, Manual09_154.",local_systematic_v66,,,1,en
273,locked,"""What is the maintenance setting screen of the boat controller?""","The boat controller maintenance settingscreen shows the number of hours the engines have run since the last maintenance. After maintenance is performed, reset the operation-hour counter by tapping the Reset button and confirming the reset on the screen.
Reference images: <PIC> Manual09_83, Manual09_84.",local_systematic_v66,,,1,en
274,locked,"""In the boat's steering position, what does the factory reset screen show?""","The factory reset screen is used to restore factory default settings. Tap Reset on the factory reset screen, then tap YES on the confirmation message to reset the settings. Tap NO if you want to return without resetting.
Reference images: <PIC> Manual09_87, Manual09_88, Manual09_89.",local_systematic_v66,,,1,en
275,locked,"""What is the trip screen shown?""","1. Wait for the muffler to coo l. 2. If you see any breaks in the screen or welds, replace the arreste r. 3. If the screen is plugged, remove the arrester, shake loose particles out of the arrester, and clean the screen with a wire brush (soak the screen in solvent if necessar y). 4. Install the arrester on the exhaust outle t.",local_systematic_v66,,,0,en
276,locked,"""When I am ready to sail, if everything is ready, how do I make the boat move forward?""","To move the boat forward, push the remote control levers forward from neutral. Moving them farther forward increases engine output and jet thrust. At low speed the shift gates lift slightly and TDE helps steering; when pushed farther, the shift gates lift completely and the boat moves forward.
Reference images: <PIC> Manual09_207, Manual09_208.",local_systematic_v66,,,1,en
277,locked,"""How do I check the boat's steering system when I'm driving it?""","The boat turns by using the steering wheel together with jet thrust. Turning the steering wheel changes the jet thrust nozzle angle, and the boat turns in that direction. Turning response depends on jet thrust and steering wheel position, so do not pull the remote control levers back to idle/neutral when trying to avoid an obstacle.
Reference images: <PIC> Manual09_52, Manual09_53.",local_systematic_v66,,,1,en
278,locked,"""How should fire extinguishers be stored on board and where should they be placed?""","The boat should carry at least one full fire extinguisher. One fire extinguisher is mounted in the lockable storage compartment; the manual recommends a chemical-type extinguisher with a capacity of two pounds or more for this location. If two extinguishers are carried, the other should be mounted in the battery compartment near the engine compartment; this one should be a clean-agent type, such as CO2 or FE-36, with a capacity of five pounds or more.
Reference images: <PIC> Manual09_211, Manual09_212.",local_systematic_v66,,,1,en
279,locked,"""How to care the throttle-cable of the boat?""","To maintain the throttle cable, apply grease to the throttle-cable inner wires at the APS pulley wheel. The steering cable and shift cable ball joints and inner wires near the jet thrust nozzles can also be lightly greased.
Reference images: <PIC> Manual09_263, Manual09_264.",local_systematic_v66,,,1,en
280,locked,"""How do I charge the camera battery when I'm not using it?""","To charge the camera battery, use an AC power adapter with rated output DC 5.0 V / 1000 mA. The manual states that you can take or print images while charging, and charging takes about 3 to 4 hours.
Reference images: <PIC> Manual29_13, Manual29_14.",local_systematic_v66,,,1,en
281,locked,"""How to install the camera battery when another one is power off?""","To install the camera battery, open the battery compartment, insert the rechargeable battery in the indicated direction, and close the cover securely before use.
Reference images: <PIC> Manual29_13, Manual29_14.",local_systematic_v66,,,1,en
282,locked,"""How do I connect the camera using a household power socket?""","Kit ACK-E2 (optional), you can connect the camera to a household power outlet and not worry about the battery level.",local_systematic_v66,,,0,en
283,locked,"""How do you mount the lens of a camera when preparing for photography?""","To mount the camera lens, remove the rear lens cap and body cap, align the lens mount index with the camera mount mark, and rotate the lens in the indicated direction until it clicks into place.
Reference images: <PIC> Manual10_21, Manual10_22.",local_systematic_v66,,,1,en
284,locked,"""How do you install the card into a camera before photography?""","To insert the memory card before taking photos, slide the card-slot cover open, insert the memory card straight into the slot until it clicks into place, then close the cover. To remove it, press the card inward and release it slowly.
Reference images: <PIC> Manual29_57, Manual29_58.",local_systematic_v66,,,1,en
285,locked,"""Have you ever wondered how to remove the camera shutter button? Understanding this process can enhance your photography experience and allow for quick repairs!""","The retrieved camera manual does not give a procedure for removing the shutter button. It describes using the shutter button for shooting and long-exposure operation, so do not attempt shutter-button removal based only on this manual.",local_systematic_v66,,,0,en
286,locked,"""How do I replace the camera's date/time battery?""","Recharge the battery full y. ( p. 1. · The battery's service life has expire d. $\rightarrow$ Replace the battery with a new on e. The camera turns off by itsel f. ·Auto power off is in effec t. Press the shutter button halfwa y. lf you do not want auto power off to take effect, set [f Auto power off] on the menu to[Off]. Only the <> icon blinks on the top LCD pane l. ·The battery is almost exhauste d. Recharge the battery. ( p.",local_systematic_v66,,,0,en
287,locked,"""How to set an off-center subject mode of a camera?""",1. Priority A 2. moving subject and a slow shutter speed can blur the subject to give the impression of motio,local_systematic_v66,,,0,en
288,locked,"""Before taking photos, we need to know How to use the eyepiece cover of the camera?""","Use the eyepiece cover for self-timer or remote shooting to prevent stray light from entering the viewfinder and affecting exposure. Remove the eyecup, then slide the eyepiece cover down into the eyepiece groove.
Reference images: <PIC> Manual10_155.",local_systematic_v66,,,1,en
289,locked,"""How do I select the AF Mode when before taking a picture?""","For AF Mode before taking a picture, use the camera's AF mode setting to choose the focusing behavior. One-Shot AF is for still subjects, AI Servo AF is for moving subjects, and AI Focus AF automatically switches from One-Shot AF to AI Servo AF if a still subject starts moving. The AF point can be selected automatically by the camera or manually in the creative shooting modes.
Reference images: <PIC> Manual10_112.",local_systematic_v66,,,1,en
290,locked,"""How to set the camera model to \""P\"" model?""","P mode is Program AE. When the mode dial is set to P, the camera automatically sets shutter speed and aperture for general shooting, while still allowing other settings to be adjusted.
Reference images: <PIC> Manual10_115.",local_systematic_v66,,,1,en
291,locked,"""After or during shooting, how can I view the camera image on TV for better clarity?""","erase d. · The image is erase d. Cancel the protectio n. ( p. 1. protecte 2. The wrong shooting date and time is displaye d. · The correct date and time has not been se t. Set the correct date and tim e. ( p. 3. No image appears on the TV scree n. ·Video cable plugs are not inserted all the wa y. $\rightarrow$ Insert the video cable plugs firmly all the wa y. ( p. 4. ·The correct video format (NTSC or PA L) has not been se t. $\rightarrow$ Set the camera to the correct video format to match the TV se t. ( p. 5. If a camera error occurs, “Err xx"" will be displayed on the LCD pane l. Follow the instruction below to resolve the problem for respective error cod e. If the same error occurs often, something is probably wrong with the camer a.
Reference images: <PIC> Manual10_235.",local_systematic_v66,,,1,en
292,locked,"""How can I delete a single image from my camera if I don't like the photo?""","To erase all images from the camera, open the Delete function and choose All. The manual also advises deleting image files with the camera rather than changing or deleting folders on the memory card with a computer.
Reference images: <PIC> Manual10_235.",local_systematic_v66,,,1,en
293,locked,"""How can I erase all images from my camera if I don't like these.""","To erase all images from the camera, open the Delete function and choose All. The manual also advises deleting image files with the camera rather than changing or deleting folders on the memory card with a computer.
Reference images: <PIC> Manual29_63.",local_systematic_v66,,,1,en
294,locked,"""How do I print photos using the camera's CP direct method after taking them?""","To print photos with the camera's CP Direct/direct printing method, connect the camera directly to a compatible printer, select the image from the camera, choose the print settings, and start printing from the camera. The printing procedure is controlled from the camera rather than from a computer.
Reference images: <PIC> Manual10_188.",local_systematic_v66,,,1,en
295,locked,"""How do you set up the camera to fine tune the model when using it?""","FileSystem 1. 0:JPEG and RAW JPEG,RAW (12bi t) Recording format: Image format: RAW $^{\dagger}+$ JPEG simultaneous recording: File size: Possible ( 2. Large/Fine: Appro x. 3. 6MB (3504x2336 pixel s) ( 4. Large/Normal:Appro x. 5. 8MB (3504 x 2336 pixel s) ( 6. Medium/Fine: Appro x.",local_systematic_v66,,,0,en
296,locked,"""After the earphones is in my hand, what are the components I should have?""","Use any of the following commands to control your earphones ANC by voice command (a second tone is heard after successful comman
Reference images: <PIC> Manual12_13.",local_systematic_v66,,,1,en
297,locked,"""If the case battery of earphones is low, how can I charge is?""","If the earphones charging-case battery is low, connect the charging case to power with its charging cable and let the case charge. Keep the earbuds in the case if you also want them to charge. Check the case or earbud indicator lights to confirm charging status.",local_systematic_v66,,,0,en
298,locked,"""When bluetooth are pairing and connecting, what scenarios I might encounter?""","1. Customize your toothbrush settings according to your preferred modes, intensity and toothbrush feedbac 2. Track your brushing progres 3. Receive personalized tips and actionable recommendations to improve your oral healt 4. Access the full range of benefits and receive ongoing upgrades to your Prestige experienc 5. Ensure your phone's Bluetooth is turned o n. 6. Pick up your toothbrush to ensure it is active (lights o n).",local_systematic_v66,,,0,en
299,locked,"""What are the two main controling functions of earphones?""","Use any of the following commands to control your earphones ANC by voice command (a second tone is heard after successful comman
Reference images: <PIC> Manual12_13.",local_systematic_v66,,,1,en
300,locked,"""Besides the two main controling functions, what other functions of the earphones can I operate?""","Besides the main earbud controls, the earphones support several other functions: 1. Press and hold until the first beep, then let go to activate the phone voice assistant. 2. Press and hold until the first beep, then let go to activate the music app; it resumes playback where you left off, or starts recommended music if there is no previous session. 3. Press the left earbud to cycle Ambient Awareness and ANC modes on or off. 4. Press and hold until the second beep, then let go to turn Low Latency Mode on or off for lip-sync and gaming.
Reference images: <PIC> earphones_01, earphones_02, earphones_03.",local_systematic_v66,,,1,en
301,locked,"""If my earphones won't work, how can I reset them?""","If the earphones will not work, first disconnect the earbuds from Bluetooth and remove them from the case. To perform a factory reset, press and hold for 6 seconds; this erases all settings. To perform a hardware reset that restarts the earphones, press and hold for 10 seconds, then press again to power them on. Flashing red and blue lights indicate the reset/pairing state.
Reference images: <PIC> Manual12_11, Manual12_12.",local_systematic_v66,,,1,en
302,locked,"""What are the maintenance and care policies of the earphones?""","Besides the main earbud controls, the earphones support several other functions: 1. Press and hold until the first beep, then let go to activate the phone voice assistant. 2. Press and hold until the first beep, then let go to activate the music app; it resumes playback where you left off, or starts recommended music if there is no previous session. 3. Press the left earbud to cycle Ambient Awareness and ANC modes on or off. 4. Press and hold until the second beep, then let go to turn Low Latency Mode on or off for lip-sync and gaming.
Reference images: <PIC> earphones_01, earphones_02, earphones_03.",local_systematic_v66,,,1,en
303,locked,"""From three different observing views, what buttons and interfaces should this eReader have?""","The eReader includes Home/ESC, Previous/Next Page, Navigation/Menu, Zoom in/out, Rotate, 3.5 mm headphone jack, USB port, Micro SD card reader, Play/Pause, Power button, volume buttons, Reset switch, speaker, and TFT LCD display.
Reference images: <PIC> Manual13_0, Manual13_1.",local_systematic_v66,,,1,en
304,locked,"""What do the functions of Main Menu and Browser History of the eReader can do?""","Main Menu shows the device functions, including Browser History, eBook, Music, Video, Photo, Record, Explorer, and settings. Browser History shows recently read files; selecting a book and pressing M opens it at the last reading position.
Reference images: <PIC> Manual13_3.",local_systematic_v66,,,1,en
305,locked,"""When in eBook mode of this eReader, what will happen after pressing \""M\"" botton?""","In eBook mode, pressing M opens functions such as Page Jump, Save Mark, Load Mark, Del Mark, Browser Mode, Flip Time, Brightness, and Set Color. These options let you jump pages, manage bookmarks, set browsing mode, and adjust brightness or color.
Reference images: <PIC> eReader_08, Manual13_5, Manual13_6.",local_systematic_v66,,,1,en
306,locked,"""If I want to listen to music using this eReader, what should I do?""","To listen to music on the eReader, open the audio files list from the main menu, select a file, and press M to enter playback mode. You can also connect the device to a computer by USB and copy audio files to it.
Reference images: <PIC> Manual13_7.",local_systematic_v66,,,1,en
307,locked,"""Can this eReader record voice? If so, how do I operate this feature?""","To record voice on the eReader, select Record from the main menu and press M to enter voice record mode. Press Play/Pause to start recording, press it again to pause, and press HOME to stop. After recording, choose YES or NO with the M key to save or discard it. To play a recording, go to Music, open the Recorded file list, select the recording, and press M.
Reference images: <PIC> Manual13_11, Manual13_12.",local_systematic_v66,,,1,en
308,locked,"""I can't find the way to play video using this eReader, can you tell me how to do that?""","To play video on the eReader, select Video from the main menu and press M to enter Video mode. The device supports AVI, RMVB, and MPEG2 video formats. During playback, press M to access options such as Subtitle Language, time play, Full Screen, and Brightness if those options are available for the video.
Reference images: <PIC> Manual13_9.",local_systematic_v66,,,1,en
309,locked,"""Can this eReader become a photo viewer? If so, how do I operate this feature?""","this device as follows: ""Browser History"", ""eBook"", ""Music"", ""Video"", ""Photo“, ""Record"", ""Explorer"", ""settings"" Select the desire function, then enter.
Reference images: <PIC> Manual13_3.",local_systematic_v66,,,1,en
310,locked,"""When using this eReader, what kinds of trobles might I encounter and how to solve them?""","this device as follows: ""Browser History"", ""eBook"", ""Music"", ""Video"", ""Photo“, ""Record"", ""Explorer"", ""settings"" Select the desire function, then enter.
Reference images: <PIC> Manual13_3.",local_systematic_v66,,,1,en
311,locked,"""When connecting the fax, hwo can I properly finish the procedure?""","When connecting the fax function, use a No. 26 AWG or larger telecommunication line cord. Install the equipment near an easily accessible AC outlet so power can be disconnected in an emergency. Connect the telephone line through a standard modular jack such as USOC RJ11C, and disconnect all cables from the wall outlet before installation, servicing, or modification.",local_systematic_v66,,,0,en
312,locked,"""What should I pay attention to in order to ensure my safety when using this fax?""","For fax safety, avoid using the product near water, do not connect or modify telephone wiring during a lightning storm, disconnect power and telephone lines before moving or servicing the equipment, and use a No. 26 AWG or larger telecommunication line cord.",local_systematic_v66,,,0,en
313,locked,"""In order to keep your fingers safe, what should you pay attention to about the fax?""","To protect your fingers when using the fax machine, keep fingers away from moving covers and openings, and make sure the machine is stopped and disconnected before accessing internal areas for maintenance or clearing problems.
Reference images: <PIC> Manual15_2.",local_systematic_v66,,,1,en
314,locked,"""I'm about to move this fax. Is there anything I should pay attention to?""","Before moving the fax machine, disconnect all cables from the wall outlet, including the power cord and telephone line. Avoid pulling the cables, and reconnect them to the correct ports after moving.
Reference images: <PIC> Manual15_2.",local_systematic_v66,,,1,en
315,locked,"""Are caution or warning labels inside the fax important? If not, can I remove them?""","Yes. Caution and warning labels inside the fax machine are important safety information and should not be removed or covered. Follow those labels and the safety instructions before operating, cleaning, or servicing the product.
Reference images: <PIC> Manual15_2.",local_systematic_v66,,,1,en
316,locked,"""If I'm in Canada, is there any statement of the fax vailable in my country?""","For Canada, the fax manual states that the product complies with Industry Canada licence-exempt RSS standards. Operation must not cause harmful interference and must accept any interference received.
Reference images: <PIC> Manual15_2.",local_systematic_v66,,,1,en
317,locked,"""When using the grill, how to connect regulator to the LP Tank?""","Connecting Regulator To The LP Tank e. 1. LP tank must be properly secured onto gril l. (Refer to assembly sectio n.) 2. Turn all control knobs to the OFF position 3. Turn LP tank OFF by turning OPD hand wheel clockwise to a full sto p. 4. Remove the protective cap from LP tank valv e.Alwaysuse cap and strap supplied with valv e. Do not use a POL transport plug (plastic part with external thread s)! It will defeat the safety feature of thevalv e. 5. Hold regulator and insert nipple into LF tank valv e. Hand 6. tighten the coupling nut,holding regulator in a straight line withLP tank valve so as not to cross
Reference images: <PIC> Manual19_16, Manual19_17.",local_systematic_v66,,,1,en
318,locked,"""To engure my safety when using the grill, how to do leak testing on valves, hose and regulatol?""","Leak Testing Valves, Hose and Regulatol 1. Turn all grill control knobs to OFF 2. Be sure regulator is tightly connected to LP tank 3. Completely open LP tank valve by turning OP D hand wheel counterclockwis e.If you hear a rushing sound,turngasoff immediatel y.There is a major leak at the connection.Correct before proceeding by calling Sears for replacement parts at 1 4. 800 5. 4 6. MY
Reference images: <PIC> Manual19_20, Manual19_21.",local_systematic_v66,,,1,en
319,locked,"""What should I pay attention to on ablout indirect cooking using the grill?""","For indirect cooking on the grill, keep the lid closed and cook with indirect heat rather than direct flame. This is suitable for poultry and large cuts of meat, helps reduce flare-ups from dripping grease, and may require temperature adjustment in cold or windy conditions.
Reference images: <PIC> Manual19_36.",local_systematic_v66,,,1,en
320,locked,"""What are the first three steps in assembly process of the grill according to the manual?""","instructions to clean and/or replace parts of burner assembly or if you have trouble igniting grill
Reference images: <PIC> Manual19_33.",local_systematic_v66,,,1,en
321,locked,"""Can you share me some safety tips using the grill?""","If you have a grill problem see the""Troubleshooting Section"" If the regulator frosts, turn off grill and LP tank valve immediatel
Reference images: <PIC> Manual19_24, Manual19_25.",local_systematic_v66,,,1,en
322,locked,"""What are identification numbers of my jetski? I don't understand that.""","1. Identification (PRI-ID) number, Hull Identification Number (HIN) and engine serial number in the spaces provided for assistance when ordering spare parts from a jetski dealer
2. Avoid sharp turns or other maneuvers that make it hard for others to avoid you or understand where you are goin
Reference images: <PIC> Manual20_16.",local_systematic_v66,,,1,en
323,locked,"""I've heard that my jetski has cruising limitations. Please introduce them.""","Never operate in water that is less than 60 cm (2 ft) deep, otherwise you increase your chance of hitting a submerged object, which could result in injury
Reference images: <PIC> Manual20_17, Manual20_18.",local_systematic_v66,,,1,en
324,locked,"""I've heard that my jetski has cruising limitations. Please introduce them.""","Never operate in water that is less than 60 cm (2 ft) deep, otherwise you increase your chance of hitting a submerged object, which could result in injury
Reference images: <PIC> Manual20_17, Manual20_18.",local_systematic_v66,,,1,en
325,locked,"""What are the operation requirements if I want to use my jetski?""","Look for a helmet designed for personal watercraft use, if possibl
Reference images: <PIC> Manual20_20.",local_systematic_v66,,,1,en
326,locked,"""What kinds of watercraft characteristics does my jetski have?""","Key watercraft characteristics include jet-thrust steering and throttle-dependent control. Water drawn through the intake is pressurized by the impeller and expelled through the jet thrust nozzle; steering depends on handlebar position and the amount of throttle, so turning response decreases when engine speed drops.
Reference images: <PIC> Manual20_24.",local_systematic_v66,,,1,en
327,locked,"""When encountering vessels driving my jetski, what rules should I obey?""","Just as there are rules that apply when you are driving on streets and highways, there are waterway rules that apply when you are operating your watercraf",local_systematic_v66,,,0,en
328,locked,"""I'd like to remove and install the seat of my jetski, what steps should I follow?""","To remove the jetski seat, pull up the seat latch, lift the rear of the seat, and remove it. To install it, insert the front projection into the deck holder, press the rear of the seat down, and confirm it is locked securely.
Reference images: <PIC> Manual20_35, Manual20_36, Manual20_37.",local_systematic_v66,,,1,en
329,locked,"""In daily usage, how to open and close the hood of the jetski?""","$\textcircled{1}$ down, and then lift the hood up. To close the hood, push the hood down to lock it in place. NOTE: Make sure that the hood is properly secured before operating the watercraft. EJU01012
Reference images: <PIC> Manual20_38, Manual20_39.",local_systematic_v66,,,1,en
330,locked,"""I've noticed that there are two different kinds of filler caps on the jetski. How to remove them?""","The jetski fuel tank filler cap and oil tank filler cap can be removed by turning them counterclockwise. When installing them, tighten each cap securely and confirm it is properly closed before operation.
Reference images: <PIC> Manual20_40, Manual20_41.",local_systematic_v66,,,1,en
331,locked,"""If I need to manipulate the two kinds of engine switches on the jetski, what should I do?""","$\textcircled{1}$ , on the end of the engine shut-off cord $\circledcirc$ , under the engine shut-off switch $\textcircled{3}$ (black button)
Reference images: <PIC> Manual20_44.",local_systematic_v66,,,1,en
332,locked,"""There are two kinds of levers on the jetski, how to manipulate them?""","The jetski levers include the throttle lever, choke lever, and QSTS selector. Squeezing the throttle lever increases speed, releasing it reduces speed. Use the choke lever for cold engine starting. Use the QSTS selector at reduced engine speed to adjust the trim angle.
Reference images: <PIC> Manual20_46, Manual20_47, Manual20_51.",local_systematic_v66,,,1,en
333,locked,"""What information should I obtain about Quick Shift Trim System (QSTS) selector when using my jetski""",The QSTS selector $\textcircled{1}$ is located at the left handlebar grip and is used to adjust the trim angle of the watercraft,local_systematic_v66,,,0,en
334,locked,"""What do fuel meter and hour meter on my jetski do?""","If the hour meter malfunctions, $""\_-\_""$ display and the warning light will blink
Reference images: <PIC> Manual20_59.",local_systematic_v66,,,1,en
344,locked,"""Inspecting fuel filter and fuel tank of my jetski is important. How to do that?""","For the jetski fuel filter and fuel tank, inspect for water, dirt, or damage as part of maintenance. The fuel filter is a one-piece disposable filter and should be replaced after the initial service interval and then at the specified periodic interval, or if water is found in the filter. Have a Yamaha dealer replace it if required.
Reference images: <PIC> Manual20_81.",local_systematic_v66,,,1,en
345,locked,"""How to adjust the adjustable sponson of my jetski if needed?""","1. Remove the bolts $\textcircled{1}$ on both sponsons. 2. Remove both sponsons, and then install them in the desired position.
Reference images: <PIC> Manual20_83.",local_systematic_v66,,,1,en
346,locked,"""The intake and impeller of my jetski are dirty. How to clean them?""","To clean a dirty jetski intake or impeller, stop the engine, remove the engine shut-off clip, and keep the watercraft safely supported. Check the jet intake and impeller area for weeds or debris, remove the obstruction carefully, and do not operate the watercraft until the intake area is clear.
Reference images: <PIC> Manual20_74.",local_systematic_v66,,,1,en
347,locked,"""How to start my jetski in different situations?""","To start the jetski engine: 1. Attach the engine shut-off cord to your wrist and insert the clip under the engine shut-off switch. 2. Make sure the cord is not wrapped around the handlebar. 3. Press the green start switch without squeezing the throttle lever or RiDE lever. 4. Release the start switch immediately after the engine starts. Be ready for forward thrust because the engine and drive unit are directly connected.
Reference images: <PIC> Manual40_5, Manual40_6.",local_systematic_v66,,,1,en
348,locked,"""What are basic steps to board my jetski with a passenger in deep water?""","Do not operate the watercraft with a passenger on board until you have considerable practice and experience riding alon
Reference images: <PIC> Manual20_15.",local_systematic_v66,,,1,en
349,locked,"""If it is difficult to balance the jetski at a stand still, what should I do?""","If it is difficult to balance the watercraft at a standstill, proceed as follows:
Reference images: <PIC> jetski_06.",local_systematic_v66,,,1,en
350,locked,"""What is the max load of the jetski?""","The jetski must not be operated when the total load, including all cargo, exceeds 220 kg (485 lb).",local_systematic_v66,,,0,en
351,locked,"""What is the overview of the base station of a landline?""","Base station (XL495)
Reference images: <PIC> Manual22_2, Manual22_3.",local_systematic_v66,,,1,en
352,locked,"""How can you connect the base station of a landline?""","To connect the landline base station, connect one end of the power adapter to the DC input jack on the bottom of the base station and the other end to a wall power socket. Then connect one end of the telephone line cord to the telephone socket on the base station and the other end to the wall telephone socket. If the same line uses DSL service, install a DSL filter to reduce noise and caller ID issues.
Reference images: <PIC> Manual22_22.",local_systematic_v66,,,1,en
353,locked,"""How can you install the handset of a landline?""","To install the handset, pull out the battery tape to activate the pre-installed battery, then place the handset on the base station to charge. Before first use, charge it for about 8 hours.
Reference images: <PIC> Manual22_23, Manual22_27.",local_systematic_v66,,,1,en
354,locked,"""How can you check the battery level of a landline?""","1. • \* In some countries, you have to connect the line adapter to the line cord, then plug the line cord to the telephone socket.
Reference images: <PIC> Manual22_2, Manual22_3.",local_systematic_v66,,,1,en
355,locked,"""What can you do if your landline is in searching status?""","If the landline handset is in searching status, make sure the base station has power, register the handset to the base station, and move the handset closer to the base station.
Reference images: <PIC> Manual22_27.",local_systematic_v66,,,1,en
356,locked,"""How can you know about the current status with different LED indicator behavior on a landline?""","The handset LED indicator can show different event or charging states. Set the handset LED indicator behavior in the handset settings to display the desired status information.
Reference images: <PIC> Manual22_40.",local_systematic_v66,,,1,en
357,locked,"""How can you know about the current status with different LED indicator behavior on the base station of a landline?""","The base station LED indicator shows the current base station status. Check the base station LED indicator behavior to understand status changes or event notifications.
Reference images: <PIC> Manual22_46.",local_systematic_v66,,,1,en
358,locked,"""How can you lower the roll bar of a lawn mower?""","Keep the lawn mower roll bar raised and locked whenever possible and wear the seat belt. Lower it only when absolutely necessary, drive slowly and carefully, and do not wear the seat belt while it is lowered. Use the pins and hairpin cotters to lower or raise and lock it.
Reference images: <PIC> Manual23_32, Manual23_33.",local_systematic_v66,,,1,en
359,locked,"""How can you adjust the rear-shock assemblies for a lawn mower with suspension system only?""","For a mower with suspension, adjust the rear-shock assemblies from the softest to firmest positions to change ride comfort. Keep both sides in the same position.
Reference images: <PIC> Manual23_37, Manual23_38.",local_systematic_v66,,,1,en
360,locked,"""How can you adjust the height of cut for a lawn mower with an electric deck lift?""","To adjust height of cut with an electric deck lift, use the deck-lift switch to raise or lower the mower deck, select the desired hole in the height-of-cut bracket, and insert the height-of-cut pin.
Reference images: <PIC> Manual23_55, Manual23_56.",local_systematic_v66,,,1,en
361,locked,"""How can you load a lawn mower?""","To load a lawn mower, use a full-width, sturdy ramp secured to the trailer or truck. Drive straight up the ramp slowly, avoid sudden acceleration or turning, stop the engine, engage the parking brake, and tie the machine down securely.",local_systematic_v66,,,0,en
362,locked,"""How can you unload a lawn mower?""","To unload a lawn mower, make sure the ramp is secured and clear, then drive straight down slowly. Avoid sudden braking, sharp turns, or side movement on the ramp, and keep people and obstacles away from the unloading area.",local_systematic_v66,,,0,en
363,locked,"""How can you change the engine oil of a lawn mower?""","Dispose of the used oil at a recycling center. 1. Start the engine and let it run for 5 minutes. Note: This warms the oil so that it drains better. 2. Park the machine so that the drain side is slightly lower than the opposite side to ensure that the oil drains completely. 3. Disengage the blade-control switch (PTO) and engage the parking brake. 4. Shut off the engine, remove the key, and wait for all moving parts to stop before leaving the operating position. 5. Drain the oil from the engine ( Figure 49 ). 6. Slowly pour approximately $80\%$ of the specified oil into the filler tube and slowly add the additional oil to bring it to the Full mark ( Figure 50 ). Figure 50 7. Start the engine and drive to a flat area.
Reference images: <PIC> Manual23_75, Manual23_76.",local_systematic_v66,,,1,en
364,locked,"""How can you remove the filters of a lawn mower?""","To remove the mower filters, park on level ground, disengage PTO, engage the parking brake, stop the engine, remove the key, wait for moving parts to stop, release the air-cleaner latches, remove the air-inlet cover, clean the screen and cover, and inspect or replace the primary filter.
Reference images: <PIC> Manual23_72, Manual23_83.",local_systematic_v66,,,1,en
365,locked,"""How can you replace the mower belt of a lawn mower?""","To replace the mower belt, park safely, lower the deck to 76 mm (3 inches), remove the belt covers, release idler spring tension with a 3/8-inch ratchet in the idler arm square hole, remove the belt from the deck pulleys and clutch pulley, install the new belt, then reinstall the guide, spring, and covers.
Reference images: <PIC> Manual23_99, Manual23_100.",local_systematic_v66,,,1,en
366,locked,"""How can you set up control of a over-the-range microwave?""","The microwave Control Set-Up lets you change default settings such as beep sound, clock, display speed, and defrost weight (LBS/KG).
Reference images: <PIC> Manual24_9, Manual24_10.",local_systematic_v66,,,1,en
367,locked,"""How can you set the light timer of a over-the-range microwave?""","The Light Timer can automatically turn the bottom Lo Light on and off at set times each day. Repeat the setup steps to reset the times, or touch Light HI/LO/Off to cancel a running Light Timer.
Reference images: <PIC> Manual24_11, Manual24_12.",local_systematic_v66,,,1,en
368,locked,"""How can you set yout favorite recipe with a over-the-range microwave?""","Favorite Recipe stores a custom cooking program so it can be recalled quickly later. After saving the desired cooking time or program, touch Favorite Recipe to recall it and start cooking.",local_systematic_v66,,,0,en
369,locked,"""How can you reheat food with a over-the-range microwave?""","Reheat (Sensor) heats food without manually setting time and power. Preset categories include Casserole, Dinner Plate, and Soup/Sauce; the sensor determines heating time and the oven signals END when complete.",local_systematic_v66,,,0,en
370,locked,"""How can you use auto defrost of a over-the-range microwave?""","Auto Defrost uses preset defrost sequences for frozen foods. Select the food type and weight, start defrosting, then when the oven pauses and beeps, open the door, turn, separate, or rearrange food, remove thawed portions, and press START to continue.
Reference images: <PIC> Manual24_32, Manual24_33.",local_systematic_v66,,,1,en
371,locked,"""How can you clean the grease filter of a over-the-range microwave?""","To clean the over-the-range microwave grease filter, remove the filter from the underside of the oven, soak and wash it in hot water with mild detergent, rinse and dry it, then reinstall it. Do not operate the microwave without the filter in place when required.",local_systematic_v66,,,0,en
372,locked,"""How can you replace the charcoal filter of a over-the-range microwave? ""","To replace the over-the-range microwave charcoal filter, disconnect power, remove the vent cover or grille as instructed, take out the old charcoal filter, install the new filter in the same position, then reinstall the cover or grille and restore power.",local_systematic_v66,,,0,en
373,locked,"""How can you replace the oven light of a over-the-range microwave? ""","To replace the microwave oven light, disconnect power, remove the vent cover mounting screws, tilt and remove the cover, remove and lift the bulb holder, replace the bulb with a 30 or 40 watt appliance bulb, then reinstall the holder and cover and restore power.
Reference images: <PIC> Manual24_54, Manual24_55.",local_systematic_v66,,,1,en
374,locked,"""How can you set the PCI Express 3.0 x16 slots of a motherboard?""","The motherboard has three PCI Express 3.0 x16 slots for compatible graphics cards. For a single graphics card, use the gray PCIe 3.0 x16_1 slot for better performance. Ensure sufficient power and connect chassis fans when using multiple graphics cards.
Reference images: <PIC> Manual25_31.",local_systematic_v66,,,1,en
375,locked,"""How can you set the jumpers of a motherboard?""","1. Turn OFF the computer and unplug the power cord. 2. Use a metal object such as a screwdriver to short the two pins. 3. Plug the power cord and turn ON the computer. 4. Hold down the < Del > key during the boot process and enter BIOS setup to reenter data. 5. If the steps above do not help, remove the onboard battery and short the two pins again to clear the CMOS RTC RAM data. After clearing the CMOS, reinstall the battery. 6. You do not need to clear the RTC when the system hangs due to overclocking. For system failure due to overclocking, use the CPU Parameter Recall (C.P.R.) feature. Shut down and reboot the system, then the BIOS automatically resets parameter settings to default values.
Reference images: <PIC> Manual25_34.",local_systematic_v66,,,1,en
376,locked,"""How can you set the rear panel connectors of a motherboard?""","1. 7.1 Rear panel connectors 2. Optical S/PDIF out port. This port allows you to connect your PC to amplified speakers, headphones, or Sony/Phillips Digital Interconnect Format (S/PDIF) compliant devices. 3. USB 4. 1 Type A port . This 9-pin Universal Serial Bus (USB) Type A port is for USB 5. 1 devices. 6. USB
Reference images: <PIC> Manual25_38.",local_systematic_v66,,,1,en
377,locked,"""How can you set the onboard LED of a motherboard?""","The onboard LED is the standby power LED. It lights when the system is on, in sleep mode, or in soft-off mode, reminding you to shut down and unplug the power cable before installing or removing motherboard components.
Reference images: <PIC> Manual25_54.",local_systematic_v66,,,1,en
378,locked,"""How can you update the BIOS file of a motherboard?""",To update the BIOS using EZ Flash 3 1. Enter the Advanced Mode of the BIOS setup program. Go to the Tool menu to select EZ Flash 3 Utility and press <Enter> to enable it. 2. Follow the steps below to update the BIOS via USB or Internet.,local_systematic_v66,,,0,en
379,locked,"""How can you create RAID of a motherboard?""","1. Select the type of storage for your RAID Easy Backup or Super Speed , then click Next . a. For Easy Backup, select from Easy Backup (RAID1) or Easy Backup (RAID10) then click Next . You can only select Easy Backup (RAID 2. if you connect four (4) HDDs. b. For Super Speed, select from Super Speed (RAID0) or Super Speed (RAID5) then click Next . 3. After selecting the type of RAID, click Yes to continue the RAID setup. 4. After the RAID setup is done, click Yes to exit the setup then click OK to reset your system.
Reference images: <PIC> Manual25_73, Manual25_74.",local_systematic_v66,,,1,en
380,locked,"""How can you use SATA ODD & USB devices to install an operating system for a motherboard?""","To install an operating system using SATA ODD and USB devices, prepare the support DVD, OS installation source, SATA ODD, and an 8 GB or larger USB device. Copy the OS installation files if needed, connect the USB ODD or USB device, insert the support DVD into SATA ODD, then press F8 during POST to open the boot menu and continue installation.
Reference images: <PIC> Manual25_87, Manual25_88.",local_systematic_v66,,,1,en
381,locked,"""How can you secure the motherboard to the chassis?""","To secure the motherboard to the chassis, install nine screws in the circled screw holes shown in the manual. Do not overtighten the screws, and make sure the indicated side faces the rear of the chassis.
Reference images: <PIC> Manual25_6.",local_systematic_v66,,,1,en
382,locked,"""How can you prepare the installation of Central Processing Unit (CPU) for a motherboard?""","1. 3 Central Processing Unit (CPU) This motherboard comes with a surface mount LGA1151 socket designed for 6th Generation processor s. CPU socket LGA1151 Unplug all power cables before installing the CP U. 2. Ensure that you install the correct CPU designed for the LGA1151 socket onl 3. Upon purchase of the motherboard, ensure that the PnP cap is on the socket and the socket contacts are not ben 4. Keep the cap after installing the motherboar
Reference images: <PIC> Manual25_9.",local_systematic_v66,,,1,en
383,locked,"""How do you know about system memory of a motherboard?""","For system memory, different capacities can be installed in Channel A and Channel B. The system maps the smaller channel capacity for dual-channel operation and runs the remaining larger-channel memory in single-channel mode. Use DIMMs below 1.65 V and a 64-bit OS for 4 GB or more memory.
Reference images: <PIC> Manual25_19.",local_systematic_v66,,,1,en
384,locked,"""How do you know about Serial port connector (10-1 pin COM) of a motherboard?""","1. Serial port connector (10-1 pin COM) This connector is for a serial (COM) port. Connect the serial port module cable to this connector, then install the module to a slot opening at the back of the system chassis. Serial port (COM) connector The COM module is purchased separately.
Reference images: <PIC> Manual25_39.",local_systematic_v66,,,1,en
385,locked,"""How do you know about TPM connector (14-1 pin TPM) for a motherboard?""","The 14-1 pin TPM connector supports a Trusted Platform Module, which securely stores keys, digital certificates, passwords, and data, and helps enhance network security, digital identity protection, and platform integrity.
Reference images: <PIC> Manual25_40.",local_systematic_v66,,,1,en
386,locked,"""How do you know about Thermal sensor connector (2-pin T_SENSOR) of a motherboard?""","1. Thermal sensor connector (2-pin T_SENSOR) 2. If you want to connect a high 3. definition front panel audio module to this connector, set the Front Panel Type item in the BIOS setup to [HD]. 4. 7 Onboard Devices Configuration for detail s.
Reference images: <PIC> Manual25_43, Manual25_44.",local_systematic_v66,,,1,en
387,locked,"""How can you set quick release for a multi-use pressure cooker and air fryer?""","Quick Release (QR/QPR) releases pressure faster after cooking. Press the quick release button until it clicks and locks in the vent position. Steam will come out from the top of the steam release valve; this is normal. Once pressure is fully released, cooking stops quickly, which helps avoid overcooking foods such as vegetables and delicate seafood.
Reference images: <PIC> multi-use_pressure_cooker_and_air_fryer_01, multi-use_pressure_cooker_and_air_fryer_02.",local_systematic_v66,,,1,en
388,locked,"""How can you set pressure cooking lid for a multi-use pressure cooker and air fryer?""","To remove the pressure cooking lid, hold the lid handle and turn it counterclockwise until the lid symbol aligns with the cooker base symbol, then lift it up. To close it, align the lid symbol with the base symbol, place the lid in the track, and turn it clockwise until aligned.",local_systematic_v66,,,0,en
389,locked,"""How can you set float valve for a multi-use pressure cooker and air fryer?""","To remove or set the float valve, hold the flat top of the float valve with your finger and turn the lid over. Remove the silicone cap from the underside, then remove the float valve from the top of the lid. Do not discard the float valve or silicone cap.
Reference images: <PIC> Manual30_36.",local_systematic_v66,,,1,en
390,locked,"""What do you know about anti-block shield for a multi-use pressure cooker and air fryer?""","The anti-block shield prevents food particles from coming up through the steam release pipe and helps pressure regulation. To remove it, grip the lid like a steering wheel and press firmly against the side of the shield until it pops off the prongs. To install it, place the shield over the prongs and press down until it snaps into position. Do not operate the pressure cooker without the anti-block shield installed.
Reference images: <PIC> Manual30_19, Manual30_34, Manual30_35.",local_systematic_v66,,,1,en
391,locked,"""How can you set steam release valve for a multi-use pressure cooker and air fryer?""","To set the steam release valve, press the quick release button until it clicks and locks in the Vent position. Steam will come out from the top of the steam release valve; this is normal. Wait until pressure is fully released before opening the lid.
Reference images: <PIC> Manual30_14.",local_systematic_v66,,,1,en
392,locked,"""How can you set anti-block shield for a multi-use pressure cooker and air fryer?""","The anti-block shield prevents food particles from coming up through the steam release pipe and helps pressure regulation. To remove it, grip the lid like a steering wheel and press firmly against the side of the shield until it pops off the prongs. To install it, place the shield over the prongs and press down until it snaps into position. Do not operate the pressure cooker without the anti-block shield installed.
Reference images: <PIC> Manual30_19, Manual30_34, Manual30_35.",local_systematic_v66,,,1,en
393,locked,"""How can you set silicone cap and float valve for a multi-use pressure cooker and air fryer?""","To remove or set the float valve, hold the flat top of the float valve with your finger and turn the lid over. Remove the silicone cap from the underside, then remove the float valve from the top of the lid. Do not discard the float valve or silicone cap.
Reference images: <PIC> Manual30_36.",local_systematic_v66,,,1,en
394,locked,"""How can you Install the condensation collector for a multi-use pressure cooker and air fryer?""",Install the condensation collector at the back of the cooker base by aligning its grooves with the tabs and sliding it into place. It should be installed before cooking and emptied and rinsed after each use.,local_systematic_v66,,,0,en
395,locked,"""How can you install the sealing ring for a multi-use pressure cooker and air fryer?""","The sealing ring forms an airtight seal between the pressure cooking lid and inner pot. To remove it, pull the silicone edge out from behind the stainless steel sealing ring rack. To install it, press the sealing ring around the rack until it sits firmly behind the rack without wrinkles. Use only one sealing ring at a time.
Reference images: <PIC> Manual30_16, Manual30_30, Manual30_31.",local_systematic_v66,,,1,en
396,locked,"""How can you remove silicone sealing ring for a multi-use pressure cooker and air fryer?""","The sealing ring forms an airtight seal between the pressure cooking lid and inner pot. To remove it, pull the silicone edge out from behind the stainless steel sealing ring rack. To install it, press the sealing ring around the rack until it sits firmly behind the rack without wrinkles. Use only one sealing ring at a time.
Reference images: <PIC> Manual30_16, Manual30_30, Manual30_31.",local_systematic_v66,,,1,en
397,locked,"""What do you know about sealing ring of a multi-use pressure cooker and air fryer?""","The sealing ring forms an airtight seal between the pressure cooking lid and inner pot. To remove it, pull the silicone edge out from behind the stainless steel sealing ring rack. To install it, press the sealing ring around the rack until it sits firmly behind the rack without wrinkles. Use only one sealing ring at a time.
Reference images: <PIC> Manual30_16, Manual30_30, Manual30_31.",local_systematic_v66,,,1,en
398,locked,"""What do you know about steam release valve of a multi-use pressure cooker and air fryer?""","To set the steam release valve, press the quick release button until it clicks and locks in the Vent position. Steam will come out from the top of the steam release valve; this is normal. Wait until pressure is fully released before opening the lid.
Reference images: <PIC> Manual30_14.",local_systematic_v66,,,1,en
399,locked,"""What do you know about quick release button of a multi-use pressure cooker and air fryer?""","Quick Release (QR/QPR) releases pressure faster after cooking. Press the quick release button until it clicks and locks in the vent position. Steam will come out from the top of the steam release valve; this is normal. Once pressure is fully released, cooking stops quickly, which helps avoid overcooking foods such as vegetables and delicate seafood.
Reference images: <PIC> multi-use_pressure_cooker_and_air_fryer_01, multi-use_pressure_cooker_and_air_fryer_02.",local_systematic_v66,,,1,en
400,locked,"""What can you know about natural release(NRorNPR) of a multi-use pressure cooker and air fryer?""","Natural Release (NR/NPR) means the cooker depressurizes naturally as the temperature inside drops after pressure cooking. Always release pressure before opening the lid, and follow the recipe to choose natural release or quick release.
Reference images: <PIC> Manual30_9.",local_systematic_v66,,,1,en
401,locked,"""What is the robot anatomy of the vacuum?""","The vacuum robot anatomy includes the main robot body, Clean button, bin release button, dust bin/bin door, filter, sensors, charging contacts, side brush, front caster wheel, and debris extractors. These parts are the main areas used for operation, emptying the bin, charging, and routine cleaning.
Reference images: <PIC> Manual32_0.",local_systematic_v66,,,1,en
402,locked,"""What are the two primary modes available on a vacuum cleaner that can be used to tailor its performance to meet different home cleaning needs?""","The Dual Mode Virtual Wall Barrier has two main modes: Virtual Wall Mode creates an invisible cone-shaped barrier to block the vacuum from an area, and Halo Mode creates a protected zone around items such as pet bowls or vases.
Reference images: <PIC> Manual32_5, Manual32_6.",local_systematic_v66,,,1,en
403,locked,"""What is the proper procedure for emptying the vacuum cleaner's bin?""","To empty the vacuum bin, press the bin release button, remove the bin, and open the bin door to empty debris. If the full-bin indicator turns on during cleaning, pause cleaning, empty the bin, and continue.
Reference images: <PIC> Manual32_8, Manual32_9.",local_systematic_v66,,,1,en
404,locked,"""What is the correct procedure for cleaning the vacuum cleaner filter?""","To clean the vacuum filter, pull the yellow tab to remove the filter, tap it to remove dust and debris, then reinstall it. The filter door will not close if the filter is not installed correctly.
Reference images: <PIC> Manual32_10, Manual32_11.",local_systematic_v66,,,1,en
405,locked,"""What is the proper procedure for cleaning the full bin sensors on a vacuum cleaner?""","To clean the full bin sensors, remove and empty the bin, then wipe the sensors and the inner and outer sensor ports with a clean, dry cloth.
Reference images: <PIC> Manual32_12, Manual32_13.",local_systematic_v66,,,1,en
406,locked,"""What is the correct procedure for cleaning the extractors (brushes or rollers) on a vacuum cleaner?""","To clean the extractors, pinch the yellow release tabs, lift the extractor frame, remove obstructions from the vacuum path, remove the extractors and yellow caps, clear hair and debris from the caps and metal shafts, then reinstall them.
Reference images: <PIC> Manual32_19, Manual32_20, Manual32_21.",local_systematic_v66,,,1,en
407,locked,"""What is the proper procedure for cleaning the sensors and charging contacts on a vacuum cleaner?""","To clean the sensors and charging contacts, wipe the sensors with a clean, dry cloth and do not spray cleaning solution directly on sensors or openings. Also wipe the charging contacts on both the vacuum and Home Base.
Reference images: <PIC> Manual32_17, Manual32_18.",local_systematic_v66,,,1,en
408,locked,"""What is the correct procedure for positioning the home base of a vacuum cleaner?""","Place the Home Base in an open, uncluttered area with at least 1.5 feet on each side, at least 4 feet in front, at least 4 feet from stairs, and at least 8 feet from virtual wall barriers. Keep it plugged in.",local_systematic_v66,,,0,en
409,locked,"""What is the proper procedure for cleaning the front caster wheel of a vacuum cleaner?""","To clean the vacuum front caster wheel, pull firmly on the front wheel to remove it, clear debris from inside the wheel cavity, then spin the wheel by hand. If it does not rotate freely, remove the wheel from its housing, push out the axle, and clear any hair or debris wrapped around it. Reinstall all parts and make sure the wheel clicks back into place.
Reference images: <PIC> Manual32_15.",local_systematic_v66,,,1,en
410,locked,"""What is the correct procedure for cleaning the side brush of a vacuum cleaner?""","To clean the side brush, use a coin or small screwdriver to remove the screw, remove the brush, clean hair and debris from the brush and post, then reinstall and tighten the screw.
Reference images: <PIC> Manual32_16.",local_systematic_v66,,,1,en
411,locked,"""What is the function of the dual-mode virtual wall barrier on a vacuum cleaner?""","The Dual Mode Virtual Wall Barrier has two main modes: Virtual Wall Mode creates an invisible cone-shaped barrier to block the vacuum from an area, and Halo Mode creates a protected zone around items such as pet bowls or vases.
Reference images: <PIC> Manual32_5, Manual32_6.",local_systematic_v66,,,1,en
412,locked,"""What are the troubleshooting steps if the vacuum indicates a problem?""","· If vacuum is returning to recharge after completing a cleaning cycle, if will play a series of fones to indicate successful completion of the cleaning cycl",local_systematic_v66,,,0,en
413,locked,"""What are the detailed instructions for T-rail mounting of a camera or equipment?""","To mount the network camera on a drop-ceiling T-rail, use the included T-rail hardware. Set the clip spacing with the dashed lines on the mount plate template, tighten the set screws on the T-rail clips with a 5/64-inch (2 mm) hex key, attach the mount plate to the clips using the holes marked G, then rotate and snap the clips onto the T-rail. The black foam pads should be slightly compressed after installation.
Reference images: <PIC> Manual33_10, Manual33_11, Manual33_12.",local_systematic_v66,,,1,en
414,locked,"""What are the steps to power the camera?""","To power the camera, first make sure a charged battery is installed correctly. Then move the camera power switch to ON. If the camera does not operate, check the battery charge and installation before trying again.",local_systematic_v66,,,0,en
415,locked,"""What is the proper way to use the brake lever and brake button?""","Squeeze the brakel ever $\textcircled{1}$ ,then push down $\textcircled{3}$ theparking brake button $\circledcirc$ while releasing the brake lever",local_systematic_v66,,,0,en
416,locked,"""What are the essential preparation checks to perform before using a snowmobile?""","Before installing any spark plug,measure the electrode gap with a wire thickness gauge and adjust to specificatio
Reference images: <PIC> Manual34_138, Manual34_139.",local_systematic_v66,,,1,en
417,locked,"""What are the detailed steps to start the engine of a snowmobile?""","1. 8 m 2. kg, 20 ft 3. l
Reference images: <PIC> Manual34_138, Manual34_139.",local_systematic_v66,,,1,en
418,locked,"""What is a V-BeltHolder?""",You should always move in such a way that the operator of the other vessel can see what you are doing,local_systematic_v66,,,0,en
419,locked,"""What are the steps to adjust the throttle cable on a snowmobile?""","Before using the snowmobile, check that the throttle, brake, and steering operate correctly. If the carburetor or throttle cable malfunctions, release the throttle lever; the T.O.R.S. system can interrupt ignition and stop the engine. Apply low-temperature grease only to the brake/throttle cable ends.
Reference images: <PIC> Manual34_35, Manual34_36, Manual34_233.",local_systematic_v66,,,1,en
420,locked,"""What is the proper way to use the steering system on a snowmobile?""","To check the snowmobile steering system, move the handlebar up and down, back and forth, and slightly left and right. If free play is excessive, consult a dealer.
Reference images: <PIC> Manual34_109.",local_systematic_v66,,,1,en
421,locked,"""What are the correct steps to turn using a snowmobile?""","To turn a snowmobile, slow down first, turn the handlebars in the desired direction, put body weight on the inside running board, and lean your upper body toward the inside of the turn. Practice at low speed in an open, flat area.
Reference images: <PIC> Manual34_127.",local_systematic_v66,,,1,en
422,locked,"""What are the proper techniques for riding uphill on a snowmobile?""","e.Alwaysusea spark plug with the proper reac
Reference images: <PIC> Manual34_138, Manual34_139.",local_systematic_v66,,,1,en
423,locked,"""What are the proper techniques for riding downhill on a snowmobile?""","e.Alwaysusea spark plug with the proper reac
Reference images: <PIC> Manual34_138, Manual34_139.",local_systematic_v66,,,1,en
424,locked,"""What are the correct techniques for crossing a slope on a snowmobile?""","Before installing any spark plug,measure the electrode gap with a wire thickness gauge and adjust to specificatio
Reference images: <PIC> Manual34_138, Manual34_139.",local_systematic_v66,,,1,en
425,locked,"""What are the steps to inspect the spark plug on a snowmobile?""","To inspect the snowmobile spark plug, check the color of the white porcelain insulator around the center electrode; normal color is medium to light tan. Before installation, measure and adjust the electrode gap, clean the gasket surface and threads, and tighten to 28 Nm (20 ft-lb).
Reference images: <PIC> Manual34_138, Manual34_139.",local_systematic_v66,,,1,en
426,locked,"""What are the steps to clean a snowmobile?""","1. 8 m 2. kg, 20 ft 3. l
Reference images: <PIC> Manual34_138, Manual34_139.",local_systematic_v66,,,1,en
427,locked,"""What are the best methods for memorizing communication channels using a manual program?""","To memorize channels with Manual Program, select the channel number with the remote control up/down keys or number buttons, then press MEMORY/ERASE to choose Memory or Erase. The on-screen display confirms whether the channel is stored or erased.
Reference images: <PIC> Manual35_9.",local_systematic_v66,,,1,en
428,locked,"""What are the common causes and conditions that can lead to poor reception in television or radio signals?""",1 Poor reception conditions are encountered:,local_systematic_v66,,,0,en
429,locked,"""What are the steps to enable and customize captions and on-screen text settings on a television?""","1. POWER BUTTON (orON/OF F) Refer to ""Turning on/off the TV"". 2. NUMBER BUTTONS To select the desired channel directly 3. APC (Auto Picture Contro l)BUTTON To adjust the factory preset pictures corresponding to the lighting aroun d.",local_systematic_v66,,,0,en
430,locked,"""What are the steps to properly connect and set up an outdoor antenna for optimal signal reception?""","For outdoor antenna setup, inspect the antenna and cable for deterioration before connecting. A 300-ohm flat wire should be connected through a 300-ohm to 75-ohm adapter, then to the 75-ohm antenna jack. A 75-ohm coaxial cable can be connected directly to the 75-ohm antenna jack.
Reference images: <PIC> Manual35_39.",local_systematic_v66,,,1,en
431,locked,"""What are the steps to properly connect a DVD player to a television or audio system for optimal performance?""","Connecting AUDIO/MIDEO IN Jacks 1. Connect the audio/video output jacks of the VCR to IN 1(A/ V) jacks on the side or back of T V. If you connect the audio jack only, you can't hear the sound from the T V. 2. Press the TVMDEO button to select VIDEO1 Note: In some stereo models, if you connect the audio/video output jacks of the VCR totheIN 2 (A/ V) jacks on the front or side of TV, select VIDEO 3. Press the PLAY button on the VCR The video playback is on the TV screen Note: In case of MONO VCR, connect the output jack of VCR to the AUDIO L/MONO IN jack of TV so that the sound can be heard from both speaker s. If you connect it to the AUDlo R IN jack of TV thesound is heard only from right speake r.
Reference images: <PIC> Manual35_42.",local_systematic_v66,,,1,en
432,locked,"""What are the key factors to check when troubleshooting technical issues or malfunctions?""","For air-conditioner technical issues or malfunctions, first make sure troubleshooting or repair is handled by qualified service personnel with the proper tools and testing instruments. Check the power supply and power cord, confirm installation follows local electrical requirements, make sure the air inlet/outlet is not blocked, and check for issues such as refrigerant leakage, poor drainage, or an unsecured panel/cover. If the problem continues, stop using the unit and contact an authorized service center rather than attempting unsafe repair.",local_systematic_v66,,,0,en
433,locked,"""What safety precautions should be followed to ensure safe operation during this process?""","Follow the product safety instructions before operating it: read the manual and warning labels, make sure the operator understands the controls and procedure, keep bystanders away, use the required protective equipment, and stop the operation if conditions become unsafe or the product behaves abnormally.",local_systematic_v66,,,0,en
434,locked,"""How do you adjust the intensity settings on an electric toothbrush to suit your oral care needs?""","The electric toothbrush has three intensity levels: High intensity (three lights), Medium intensity (two lights), and Low intensity (one light). Use the intensity indicator lights on the handle to cycle through the levels before, during, or after brushing, or adjust the setting in the app.
Reference images: <PIC> toothbrush0_06, toothbrush0_07.",local_systematic_v66,,,1,en
435,locked,"""What are the steps to activate and deactivate the various features on an electric toothbrush for customized usage?""","To customize toothbrush features, use the app to activate or deactivate supported options such as Adaptive Intensity, Pressure Sensor Feedback, Scrubbing Feedback, and the brush-head replacement reminder. Note that turning off Adaptive Intensity disables automatic intensity adjustment.",local_systematic_v66,,,0,en
436,locked,"""What are the steps to charge an electric toothbrush when it is inside a travel case, and how do you ensure it charges properly?""","To charge the toothbrush inside the travel case, plug the USB cable into the travel case and connect it to a USB wall adapter. Plug the adapter into an electrical outlet, then place the toothbrush in the case. If charging starts correctly, the handle beeps twice and the lights illuminate upward. The battery indicator blinks white while charging and turns off when fully charged.
Reference images: <PIC> Manual37_18, Manual37_19.",local_systematic_v66,,,1,en
